<?xml version="1.0" encoding="UTF-8"?><gpx creator="Wikiloc - https://www.wikiloc.com" version="1.1" xmlns="http://www.topografix.com/GPX/1/1" xmlns:xsi="http://www.w3.org/2001/XMLSchema-instance" xsi:schemaLocation="http://www.topografix.com/GPX/1/1 http://www.topografix.com/GPX/1/1/gpx.xsd"><metadata><name>Wikiloc - La Joya - Refugio de los 100 - Ex refugio Luis Méndez</name><author><name>Rossbelt Gómez Gorostieta</name><link href="https://www.wikiloc.com/wikiloc/user.do?id=14532251"><text>Rossbelt Gómez Gorostieta on Wikiloc</text></link></author><link href="https://www.wikiloc.com/hiking-trails/la-joya-refugio-de-los-100-ex-refugio-luis-mendez-276231431"><text>La Joya - Refugio de los 100 - Ex refugio Luis Méndez on Wikiloc</text></link><time>2026-06-28T18:43:11.040Z</time></metadata><trk><name>La Joya - Refugio de los 100 - Ex refugio Luis Méndez - Wiki...</name><cmt></cmt><desc></desc><trkseg><trkpt lat="19.133604" lon="-98.651906"><ele>3964.353</ele><time>2026-06-27T17:10:46.196Z</time></trkpt><trkpt lat="19.133650" lon="-98.651875"><ele>3968.204</ele><time>2026-06-27T17:10:52.999Z</time></trkpt><trkpt lat="19.133698" lon="-98.651860"><ele>3971.514</ele><time>2026-06-27T17:10:57.999Z</time></trkpt><trkpt lat="19.133748" lon="-98.651833"><ele>3971.809</ele><time>2026-06-27T17:11:10.999Z</time></trkpt><trkpt lat="19.133797" lon="-98.651837"><ele>3972.177</ele><time>2026-06-27T17:11:12.999Z</time></trkpt><trkpt lat="19.133845" lon="-98.651815"><ele>3972.372</ele><time>2026-06-27T17:11:19.999Z</time></trkpt><trkpt lat="19.133895" lon="-98.651805"><ele>3972.741</ele><time>2026-06-27T17:11:25.999Z</time></trkpt><trkpt lat="19.133951" lon="-98.651815"><ele>3973.027</ele><time>2026-06-27T17:11:36.999Z</time></trkpt><trkpt lat="19.134003" lon="-98.651794"><ele>3973.138</ele><time>2026-06-27T17:13:34.999Z</time></trkpt><trkpt lat="19.134049" lon="-98.651796"><ele>3973.376</ele><time>2026-06-27T17:13:43.999Z</time></trkpt><trkpt lat="19.134095" lon="-98.651794"><ele>3973.999</ele><time>2026-06-27T17:13:52.999Z</time></trkpt><trkpt lat="19.134139" lon="-98.651781"><ele>3975.288</ele><time>2026-06-27T17:13:58.999Z</time></trkpt><trkpt lat="19.134183" lon="-98.651761"><ele>3976.176</ele><time>2026-06-27T17:14:05.999Z</time></trkpt><trkpt lat="19.134227" lon="-98.651738"><ele>3976.657</ele><time>2026-06-27T17:14:15.999Z</time></trkpt><trkpt lat="19.134269" lon="-98.651712"><ele>3977.000</ele><time>2026-06-27T17:14:20.999Z</time></trkpt><trkpt lat="19.134312" lon="-98.651696"><ele>3977.320</ele><time>2026-06-27T17:14:26.999Z</time></trkpt><trkpt lat="19.134346" lon="-98.651659"><ele>3977.309</ele><time>2026-06-27T17:14:33.999Z</time></trkpt><trkpt lat="19.134381" lon="-98.651627"><ele>3977.317</ele><time>2026-06-27T17:14:38.999Z</time></trkpt><trkpt lat="19.134423" lon="-98.651581"><ele>3976.952</ele><time>2026-06-27T17:14:44.999Z</time></trkpt><trkpt lat="19.134459" lon="-98.651543"><ele>3976.181</ele><time>2026-06-27T17:14:49.999Z</time></trkpt><trkpt lat="19.134499" lon="-98.651504"><ele>3974.957</ele><time>2026-06-27T17:14:54.999Z</time></trkpt><trkpt lat="19.134542" lon="-98.651480"><ele>3973.638</ele><time>2026-06-27T17:15:00Z</time></trkpt><trkpt lat="19.134579" lon="-98.651437"><ele>3972.426</ele><time>2026-06-27T17:15:05Z</time></trkpt><trkpt lat="19.134616" lon="-98.651402"><ele>3971.329</ele><time>2026-06-27T17:15:11Z</time></trkpt><trkpt lat="19.134656" lon="-98.651378"><ele>3970.678</ele><time>2026-06-27T17:15:16Z</time></trkpt><trkpt lat="19.134697" lon="-98.651342"><ele>3970.456</ele><time>2026-06-27T17:15:21Z</time></trkpt><trkpt lat="19.134741" lon="-98.651310"><ele>3970.168</ele><time>2026-06-27T17:15:26Z</time></trkpt><trkpt lat="19.134784" lon="-98.651276"><ele>3969.842</ele><time>2026-06-27T17:15:31Z</time></trkpt><trkpt lat="19.134825" lon="-98.651241"><ele>3969.826</ele><time>2026-06-27T17:15:37Z</time></trkpt><trkpt lat="19.134858" lon="-98.651208"><ele>3969.809</ele><time>2026-06-27T17:15:42Z</time></trkpt><trkpt lat="19.134907" lon="-98.651180"><ele>3970.048</ele><time>2026-06-27T17:15:49Z</time></trkpt><trkpt lat="19.134957" lon="-98.651168"><ele>3970.523</ele><time>2026-06-27T17:15:55Z</time></trkpt><trkpt lat="19.134999" lon="-98.651147"><ele>3971.072</ele><time>2026-06-27T17:16:03Z</time></trkpt><trkpt lat="19.135047" lon="-98.651139"><ele>3971.348</ele><time>2026-06-27T17:16:10Z</time></trkpt><trkpt lat="19.135093" lon="-98.651134"><ele>3971.979</ele><time>2026-06-27T17:16:16Z</time></trkpt><trkpt lat="19.135139" lon="-98.651131"><ele>3973.027</ele><time>2026-06-27T17:16:23Z</time></trkpt><trkpt lat="19.135191" lon="-98.651126"><ele>3974.030</ele><time>2026-06-27T17:16:30Z</time></trkpt><trkpt lat="19.135241" lon="-98.651116"><ele>3974.739</ele><time>2026-06-27T17:16:37Z</time></trkpt><trkpt lat="19.135286" lon="-98.651101"><ele>3975.547</ele><time>2026-06-27T17:16:44Z</time></trkpt><trkpt lat="19.135334" lon="-98.651092"><ele>3976.242</ele><time>2026-06-27T17:16:52Z</time></trkpt><trkpt lat="19.135380" lon="-98.651085"><ele>3977.022</ele><time>2026-06-27T17:16:58Z</time></trkpt><trkpt lat="19.135431" lon="-98.651079"><ele>3977.814</ele><time>2026-06-27T17:17:04Z</time></trkpt><trkpt lat="19.135480" lon="-98.651066"><ele>3978.809</ele><time>2026-06-27T17:17:11Z</time></trkpt><trkpt lat="19.135527" lon="-98.651053"><ele>3979.776</ele><time>2026-06-27T17:17:18Z</time></trkpt><trkpt lat="19.135571" lon="-98.651036"><ele>3980.121</ele><time>2026-06-27T17:17:24Z</time></trkpt><trkpt lat="19.135613" lon="-98.651014"><ele>3980.710</ele><time>2026-06-27T17:17:31Z</time></trkpt><trkpt lat="19.135664" lon="-98.650986"><ele>3981.326</ele><time>2026-06-27T17:17:38Z</time></trkpt><trkpt lat="19.135700" lon="-98.650957"><ele>3981.987</ele><time>2026-06-27T17:17:46Z</time></trkpt><trkpt lat="19.135744" lon="-98.650941"><ele>3982.935</ele><time>2026-06-27T17:17:52Z</time></trkpt><trkpt lat="19.135792" lon="-98.650917"><ele>3984.138</ele><time>2026-06-27T17:17:58Z</time></trkpt><trkpt lat="19.135841" lon="-98.650895"><ele>3985.057</ele><time>2026-06-27T17:18:04Z</time></trkpt><trkpt lat="19.135881" lon="-98.650868"><ele>3985.715</ele><time>2026-06-27T17:18:10Z</time></trkpt><trkpt lat="19.135922" lon="-98.650847"><ele>3986.166</ele><time>2026-06-27T17:18:15Z</time></trkpt><trkpt lat="19.135967" lon="-98.650825"><ele>3986.329</ele><time>2026-06-27T17:18:21Z</time></trkpt><trkpt lat="19.136008" lon="-98.650805"><ele>3986.721</ele><time>2026-06-27T17:18:27Z</time></trkpt><trkpt lat="19.136050" lon="-98.650780"><ele>3987.309</ele><time>2026-06-27T17:18:33Z</time></trkpt><trkpt lat="19.136095" lon="-98.650761"><ele>3987.948</ele><time>2026-06-27T17:18:39Z</time></trkpt><trkpt lat="19.136143" lon="-98.650731"><ele>3988.783</ele><time>2026-06-27T17:18:46Z</time></trkpt><trkpt lat="19.136180" lon="-98.650697"><ele>3989.532</ele><time>2026-06-27T17:18:53Z</time></trkpt><trkpt lat="19.136214" lon="-98.650665"><ele>3989.928</ele><time>2026-06-27T17:18:59Z</time></trkpt><trkpt lat="19.136242" lon="-98.650621"><ele>3990.469</ele><time>2026-06-27T17:19:06Z</time></trkpt><trkpt lat="19.136268" lon="-98.650581"><ele>3991.147</ele><time>2026-06-27T17:19:12Z</time></trkpt><trkpt lat="19.136297" lon="-98.650541"><ele>3991.480</ele><time>2026-06-27T17:19:19Z</time></trkpt><trkpt lat="19.136331" lon="-98.650509"><ele>3991.549</ele><time>2026-06-27T17:19:26Z</time></trkpt><trkpt lat="19.136356" lon="-98.650466"><ele>3991.857</ele><time>2026-06-27T17:19:34Z</time></trkpt><trkpt lat="19.136391" lon="-98.650433"><ele>3992.126</ele><time>2026-06-27T17:19:44Z</time></trkpt><trkpt lat="19.136431" lon="-98.650404"><ele>3992.847</ele><time>2026-06-27T17:19:53Z</time></trkpt><trkpt lat="19.136480" lon="-98.650400"><ele>3994.411</ele><time>2026-06-27T17:19:59Z</time></trkpt><trkpt lat="19.136525" lon="-98.650382"><ele>3996.509</ele><time>2026-06-27T17:20:04Z</time></trkpt><trkpt lat="19.136570" lon="-98.650372"><ele>3998.244</ele><time>2026-06-27T17:20:09Z</time></trkpt><trkpt lat="19.136617" lon="-98.650358"><ele>3998.899</ele><time>2026-06-27T17:20:14Z</time></trkpt><trkpt lat="19.136664" lon="-98.650328"><ele>3999.098</ele><time>2026-06-27T17:20:20Z</time></trkpt><trkpt lat="19.136701" lon="-98.650291"><ele>3999.294</ele><time>2026-06-27T17:20:25Z</time></trkpt><trkpt lat="19.136744" lon="-98.650274"><ele>3999.465</ele><time>2026-06-27T17:20:29Z</time></trkpt><trkpt lat="19.136779" lon="-98.650243"><ele>3999.413</ele><time>2026-06-27T17:20:34Z</time></trkpt><trkpt lat="19.136811" lon="-98.650204"><ele>3999.416</ele><time>2026-06-27T17:20:39Z</time></trkpt><trkpt lat="19.136832" lon="-98.650158"><ele>3999.465</ele><time>2026-06-27T17:20:44Z</time></trkpt><trkpt lat="19.136884" lon="-98.650144"><ele>3999.213</ele><time>2026-06-27T17:20:53Z</time></trkpt><trkpt lat="19.136923" lon="-98.650113"><ele>3999.253</ele><time>2026-06-27T17:21:14Z</time></trkpt><trkpt lat="19.136882" lon="-98.650092"><ele>3999.204</ele><time>2026-06-27T17:21:56Z</time></trkpt><trkpt lat="19.136859" lon="-98.650046"><ele>3999.114</ele><time>2026-06-27T17:22:12Z</time></trkpt><trkpt lat="19.136855" lon="-98.649996"><ele>3999.209</ele><time>2026-06-27T17:22:20Z</time></trkpt><trkpt lat="19.136864" lon="-98.649946"><ele>3999.597</ele><time>2026-06-27T17:22:32Z</time></trkpt><trkpt lat="19.136827" lon="-98.649916"><ele>3999.872</ele><time>2026-06-27T17:22:39Z</time></trkpt><trkpt lat="19.136792" lon="-98.649885"><ele>4000.331</ele><time>2026-06-27T17:22:52Z</time></trkpt><trkpt lat="19.136788" lon="-98.649835"><ele>4001.017</ele><time>2026-06-27T17:23:01Z</time></trkpt><trkpt lat="19.136788" lon="-98.649782"><ele>4002.298</ele><time>2026-06-27T17:23:13Z</time></trkpt><trkpt lat="19.136798" lon="-98.649733"><ele>4003.746</ele><time>2026-06-27T17:23:25.001Z</time></trkpt><trkpt lat="19.136811" lon="-98.649684"><ele>4005.169</ele><time>2026-06-27T17:23:44.001Z</time></trkpt><trkpt lat="19.136812" lon="-98.649635"><ele>4006.948</ele><time>2026-06-27T17:24:00.001Z</time></trkpt><trkpt lat="19.136802" lon="-98.649586"><ele>4009.216</ele><time>2026-06-27T17:24:25.001Z</time></trkpt><trkpt lat="19.136801" lon="-98.649533"><ele>4011.538</ele><time>2026-06-27T17:24:43.001Z</time></trkpt><trkpt lat="19.136811" lon="-98.649478"><ele>4013.670</ele><time>2026-06-27T17:25:03.001Z</time></trkpt><trkpt lat="19.136809" lon="-98.649430"><ele>4016.317</ele><time>2026-06-27T17:25:24.001Z</time></trkpt><trkpt lat="19.136820" lon="-98.649384"><ele>4018.909</ele><time>2026-06-27T17:25:38.002Z</time></trkpt><trkpt lat="19.136844" lon="-98.649338"><ele>4021.355</ele><time>2026-06-27T17:25:52.002Z</time></trkpt><trkpt lat="19.136867" lon="-98.649294"><ele>4023.350</ele><time>2026-06-27T17:26:16.002Z</time></trkpt><trkpt lat="19.136890" lon="-98.649250"><ele>4024.939</ele><time>2026-06-27T17:26:34.002Z</time></trkpt><trkpt lat="19.136925" lon="-98.649208"><ele>4027.545</ele><time>2026-06-27T17:26:54.002Z</time></trkpt><trkpt lat="19.136961" lon="-98.649174"><ele>4030.546</ele><time>2026-06-27T17:27:08.002Z</time></trkpt><trkpt lat="19.136995" lon="-98.649141"><ele>4033.144</ele><time>2026-06-27T17:27:18.002Z</time></trkpt><trkpt lat="19.137020" lon="-98.649097"><ele>4035.467</ele><time>2026-06-27T17:27:27.002Z</time></trkpt><trkpt lat="19.137059" lon="-98.649063"><ele>4037.176</ele><time>2026-06-27T17:27:38.002Z</time></trkpt><trkpt lat="19.137088" lon="-98.649022"><ele>4038.614</ele><time>2026-06-27T17:27:46.002Z</time></trkpt><trkpt lat="19.137114" lon="-98.648982"><ele>4040.042</ele><time>2026-06-27T17:29:00.002Z</time></trkpt><trkpt lat="19.137139" lon="-98.648940"><ele>4040.822</ele><time>2026-06-27T17:29:08.002Z</time></trkpt><trkpt lat="19.137157" lon="-98.648894"><ele>4041.114</ele><time>2026-06-27T17:29:18.002Z</time></trkpt><trkpt lat="19.137191" lon="-98.648856"><ele>4041.309</ele><time>2026-06-27T17:29:26.002Z</time></trkpt><trkpt lat="19.137203" lon="-98.648807"><ele>4041.826</ele><time>2026-06-27T17:29:36.002Z</time></trkpt><trkpt lat="19.137227" lon="-98.648765"><ele>4042.911</ele><time>2026-06-27T17:29:45.002Z</time></trkpt><trkpt lat="19.137263" lon="-98.648724"><ele>4043.780</ele><time>2026-06-27T17:29:53.002Z</time></trkpt><trkpt lat="19.137281" lon="-98.648678"><ele>4044.436</ele><time>2026-06-27T17:30:04.002Z</time></trkpt><trkpt lat="19.137307" lon="-98.648637"><ele>4045.537</ele><time>2026-06-27T17:30:13.002Z</time></trkpt><trkpt lat="19.137329" lon="-98.648592"><ele>4046.835</ele><time>2026-06-27T17:30:19.002Z</time></trkpt><trkpt lat="19.137361" lon="-98.648557"><ele>4047.918</ele><time>2026-06-27T17:30:25.002Z</time></trkpt><trkpt lat="19.137388" lon="-98.648514"><ele>4048.647</ele><time>2026-06-27T17:30:32.002Z</time></trkpt><trkpt lat="19.137413" lon="-98.648471"><ele>4048.995</ele><time>2026-06-27T17:30:38.002Z</time></trkpt><trkpt lat="19.137435" lon="-98.648420"><ele>4049.147</ele><time>2026-06-27T17:30:45.002Z</time></trkpt><trkpt lat="19.137464" lon="-98.648369"><ele>4049.429</ele><time>2026-06-27T17:30:52.002Z</time></trkpt><trkpt lat="19.137481" lon="-98.648321"><ele>4049.521</ele><time>2026-06-27T17:30:58.002Z</time></trkpt><trkpt lat="19.137496" lon="-98.648268"><ele>4049.609</ele><time>2026-06-27T17:31:05.002Z</time></trkpt><trkpt lat="19.137528" lon="-98.648229"><ele>4049.896</ele><time>2026-06-27T17:31:12.002Z</time></trkpt><trkpt lat="19.137561" lon="-98.648190"><ele>4050.011</ele><time>2026-06-27T17:31:19.002Z</time></trkpt><trkpt lat="19.137598" lon="-98.648156"><ele>4050.330</ele><time>2026-06-27T17:31:26.002Z</time></trkpt><trkpt lat="19.137637" lon="-98.648127"><ele>4051.036</ele><time>2026-06-27T17:31:31.002Z</time></trkpt><trkpt lat="19.137674" lon="-98.648097"><ele>4051.857</ele><time>2026-06-27T17:31:38.002Z</time></trkpt><trkpt lat="19.137710" lon="-98.648057"><ele>4052.435</ele><time>2026-06-27T17:31:45.002Z</time></trkpt><trkpt lat="19.137725" lon="-98.648005"><ele>4053.058</ele><time>2026-06-27T17:31:51.002Z</time></trkpt><trkpt lat="19.137726" lon="-98.647946"><ele>4053.637</ele><time>2026-06-27T17:31:58.002Z</time></trkpt><trkpt lat="19.137719" lon="-98.647895"><ele>4054.015</ele><time>2026-06-27T17:32:05.002Z</time></trkpt><trkpt lat="19.137707" lon="-98.647848"><ele>4054.555</ele><time>2026-06-27T17:32:12.002Z</time></trkpt><trkpt lat="19.137705" lon="-98.647789"><ele>4054.907</ele><time>2026-06-27T17:32:19.002Z</time></trkpt><trkpt lat="19.137740" lon="-98.647758"><ele>4055.217</ele><time>2026-06-27T17:32:25.002Z</time></trkpt><trkpt lat="19.137778" lon="-98.647723"><ele>4055.409</ele><time>2026-06-27T17:32:31.002Z</time></trkpt><trkpt lat="19.137785" lon="-98.647674"><ele>4055.697</ele><time>2026-06-27T17:32:37.002Z</time></trkpt><trkpt lat="19.137783" lon="-98.647626"><ele>4056.052</ele><time>2026-06-27T17:32:46.002Z</time></trkpt><trkpt lat="19.137780" lon="-98.647572"><ele>4056.631</ele><time>2026-06-27T17:32:52.002Z</time></trkpt><trkpt lat="19.137776" lon="-98.647518"><ele>4057.357</ele><time>2026-06-27T17:33:04.002Z</time></trkpt><trkpt lat="19.137783" lon="-98.647465"><ele>4057.768</ele><time>2026-06-27T17:33:14.002Z</time></trkpt><trkpt lat="19.137819" lon="-98.647435"><ele>4058.486</ele><time>2026-06-27T17:33:20.002Z</time></trkpt><trkpt lat="19.137850" lon="-98.647393"><ele>4059.629</ele><time>2026-06-27T17:33:29.002Z</time></trkpt><trkpt lat="19.137884" lon="-98.647358"><ele>4060.588</ele><time>2026-06-27T17:33:38.002Z</time></trkpt><trkpt lat="19.137912" lon="-98.647314"><ele>4061.446</ele><time>2026-06-27T17:33:47.002Z</time></trkpt><trkpt lat="19.137934" lon="-98.647271"><ele>4062.386</ele><time>2026-06-27T17:33:57.002Z</time></trkpt><trkpt lat="19.137956" lon="-98.647219"><ele>4063.360</ele><time>2026-06-27T17:34:07.002Z</time></trkpt><trkpt lat="19.137971" lon="-98.647172"><ele>4064.426</ele><time>2026-06-27T17:34:15.002Z</time></trkpt><trkpt lat="19.137977" lon="-98.647118"><ele>4065.209</ele><time>2026-06-27T17:34:25.002Z</time></trkpt><trkpt lat="19.137968" lon="-98.647068"><ele>4066.130</ele><time>2026-06-27T17:34:36.002Z</time></trkpt><trkpt lat="19.137956" lon="-98.647017"><ele>4067.115</ele><time>2026-06-27T17:34:44.002Z</time></trkpt><trkpt lat="19.137947" lon="-98.646971"><ele>4067.944</ele><time>2026-06-27T17:34:54.002Z</time></trkpt><trkpt lat="19.137950" lon="-98.646921"><ele>4068.740</ele><time>2026-06-27T17:35:04.002Z</time></trkpt><trkpt lat="19.137981" lon="-98.646883"><ele>4069.381</ele><time>2026-06-27T17:35:15.002Z</time></trkpt><trkpt lat="19.138024" lon="-98.646868"><ele>4069.749</ele><time>2026-06-27T17:36:09.002Z</time></trkpt><trkpt lat="19.138005" lon="-98.646821"><ele>4070.292</ele><time>2026-06-27T17:37:56.001Z</time></trkpt><trkpt lat="19.138051" lon="-98.646802"><ele>4071.121</ele><time>2026-06-27T17:38:04.001Z</time></trkpt><trkpt lat="19.138083" lon="-98.646767"><ele>4072.279</ele><time>2026-06-27T17:38:17.001Z</time></trkpt><trkpt lat="19.138084" lon="-98.646709"><ele>4072.941</ele><time>2026-06-27T17:38:28.001Z</time></trkpt><trkpt lat="19.138107" lon="-98.646666"><ele>4073.781</ele><time>2026-06-27T17:38:37.001Z</time></trkpt><trkpt lat="19.138128" lon="-98.646618"><ele>4074.709</ele><time>2026-06-27T17:38:49.001Z</time></trkpt><trkpt lat="19.138150" lon="-98.646574"><ele>4075.909</ele><time>2026-06-27T17:38:58.001Z</time></trkpt><trkpt lat="19.138156" lon="-98.646521"><ele>4077.386</ele><time>2026-06-27T17:39:12.001Z</time></trkpt><trkpt lat="19.138156" lon="-98.646468"><ele>4078.521</ele><time>2026-06-27T17:39:21.001Z</time></trkpt><trkpt lat="19.138153" lon="-98.646418"><ele>4079.550</ele><time>2026-06-27T17:39:28.001Z</time></trkpt><trkpt lat="19.138152" lon="-98.646367"><ele>4080.466</ele><time>2026-06-27T17:39:37.001Z</time></trkpt><trkpt lat="19.138155" lon="-98.646311"><ele>4081.477</ele><time>2026-06-27T17:39:47.001Z</time></trkpt><trkpt lat="19.138165" lon="-98.646263"><ele>4082.375</ele><time>2026-06-27T17:39:54.001Z</time></trkpt><trkpt lat="19.138173" lon="-98.646212"><ele>4083.048</ele><time>2026-06-27T17:40:02.001Z</time></trkpt><trkpt lat="19.138191" lon="-98.646164"><ele>4083.667</ele><time>2026-06-27T17:40:09.001Z</time></trkpt><trkpt lat="19.138208" lon="-98.646116"><ele>4084.195</ele><time>2026-06-27T17:40:16.001Z</time></trkpt><trkpt lat="19.138221" lon="-98.646069"><ele>4084.685</ele><time>2026-06-27T17:40:23.001Z</time></trkpt><trkpt lat="19.138225" lon="-98.646017"><ele>4085.189</ele><time>2026-06-27T17:40:32.001Z</time></trkpt><trkpt lat="19.138245" lon="-98.645970"><ele>4085.617</ele><time>2026-06-27T17:40:39.001Z</time></trkpt><trkpt lat="19.138256" lon="-98.645923"><ele>4086.009</ele><time>2026-06-27T17:40:46.001Z</time></trkpt><trkpt lat="19.138271" lon="-98.645878"><ele>4086.590</ele><time>2026-06-27T17:40:53.001Z</time></trkpt><trkpt lat="19.138279" lon="-98.645823"><ele>4087.095</ele><time>2026-06-27T17:41:03.001Z</time></trkpt><trkpt lat="19.138308" lon="-98.645785"><ele>4087.484</ele><time>2026-06-27T17:41:11.001Z</time></trkpt><trkpt lat="19.138320" lon="-98.645738"><ele>4087.960</ele><time>2026-06-27T17:41:19.001Z</time></trkpt><trkpt lat="19.138345" lon="-98.645695"><ele>4088.751</ele><time>2026-06-27T17:41:26.001Z</time></trkpt><trkpt lat="19.138369" lon="-98.645649"><ele>4089.519</ele><time>2026-06-27T17:41:33.001Z</time></trkpt><trkpt lat="19.138384" lon="-98.645600"><ele>4090.212</ele><time>2026-06-27T17:41:40.001Z</time></trkpt><trkpt lat="19.138412" lon="-98.645562"><ele>4090.791</ele><time>2026-06-27T17:41:47.001Z</time></trkpt><trkpt lat="19.138440" lon="-98.645514"><ele>4091.149</ele><time>2026-06-27T17:41:58.001Z</time></trkpt><trkpt lat="19.138457" lon="-98.645469"><ele>4091.723</ele><time>2026-06-27T17:42:13.001Z</time></trkpt><trkpt lat="19.138476" lon="-98.645422"><ele>4092.683</ele><time>2026-06-27T17:42:20.001Z</time></trkpt><trkpt lat="19.138482" lon="-98.645375"><ele>4094.011</ele><time>2026-06-27T17:42:27.001Z</time></trkpt><trkpt lat="19.138511" lon="-98.645334"><ele>4095.009</ele><time>2026-06-27T17:42:36.001Z</time></trkpt><trkpt lat="19.138551" lon="-98.645303"><ele>4095.334</ele><time>2026-06-27T17:42:43.001Z</time></trkpt><trkpt lat="19.138570" lon="-98.645257"><ele>4096.079</ele><time>2026-06-27T17:42:53.001Z</time></trkpt><trkpt lat="19.138602" lon="-98.645223"><ele>4096.858</ele><time>2026-06-27T17:42:59.001Z</time></trkpt><trkpt lat="19.138645" lon="-98.645199"><ele>4097.544</ele><time>2026-06-27T17:43:07.001Z</time></trkpt><trkpt lat="19.138695" lon="-98.645172"><ele>4098.245</ele><time>2026-06-27T17:43:16.001Z</time></trkpt><trkpt lat="19.138730" lon="-98.645139"><ele>4099.023</ele><time>2026-06-27T17:43:24.001Z</time></trkpt><trkpt lat="19.138758" lon="-98.645098"><ele>4099.896</ele><time>2026-06-27T17:43:34.001Z</time></trkpt><trkpt lat="19.138795" lon="-98.645068"><ele>4100.525</ele><time>2026-06-27T17:43:44.001Z</time></trkpt><trkpt lat="19.138834" lon="-98.645036"><ele>4101.293</ele><time>2026-06-27T17:43:52.001Z</time></trkpt><trkpt lat="19.138859" lon="-98.644991"><ele>4102.153</ele><time>2026-06-27T17:44:01.001Z</time></trkpt><trkpt lat="19.138907" lon="-98.644973"><ele>4103.204</ele><time>2026-06-27T17:44:08.001Z</time></trkpt><trkpt lat="19.138951" lon="-98.644959"><ele>4104.214</ele><time>2026-06-27T17:44:17.001Z</time></trkpt><trkpt lat="19.138998" lon="-98.644960"><ele>4105.109</ele><time>2026-06-27T17:44:29.001Z</time></trkpt><trkpt lat="19.139012" lon="-98.644912"><ele>4106.117</ele><time>2026-06-27T17:44:56.001Z</time></trkpt><trkpt lat="19.139043" lon="-98.644876"><ele>4107.022</ele><time>2026-06-27T17:45:06.001Z</time></trkpt><trkpt lat="19.139084" lon="-98.644853"><ele>4108.731</ele><time>2026-06-27T17:58:48.001Z</time></trkpt><trkpt lat="19.139107" lon="-98.644807"><ele>4110.677</ele><time>2026-06-27T17:59:01.001Z</time></trkpt><trkpt lat="19.139146" lon="-98.644782"><ele>4112.248</ele><time>2026-06-27T17:59:18.001Z</time></trkpt><trkpt lat="19.139170" lon="-98.644738"><ele>4114.076</ele><time>2026-06-27T17:59:34.001Z</time></trkpt><trkpt lat="19.139189" lon="-98.644692"><ele>4115.419</ele><time>2026-06-27T17:59:51.001Z</time></trkpt><trkpt lat="19.139208" lon="-98.644648"><ele>4116.858</ele><time>2026-06-27T18:00:07.001Z</time></trkpt><trkpt lat="19.139214" lon="-98.644600"><ele>4118.496</ele><time>2026-06-27T18:00:19.001Z</time></trkpt><trkpt lat="19.139243" lon="-98.644562"><ele>4119.748</ele><time>2026-06-27T18:00:34.001Z</time></trkpt><trkpt lat="19.139250" lon="-98.644514"><ele>4120.661</ele><time>2026-06-27T18:00:43.001Z</time></trkpt><trkpt lat="19.139285" lon="-98.644484"><ele>4121.717</ele><time>2026-06-27T18:00:52.001Z</time></trkpt><trkpt lat="19.139310" lon="-98.644442"><ele>4122.909</ele><time>2026-06-27T18:01:00.001Z</time></trkpt><trkpt lat="19.139341" lon="-98.644406"><ele>4123.526</ele><time>2026-06-27T18:01:11.001Z</time></trkpt><trkpt lat="19.139381" lon="-98.644379"><ele>4124.281</ele><time>2026-06-27T18:01:18.001Z</time></trkpt><trkpt lat="19.139407" lon="-98.644338"><ele>4125.120</ele><time>2026-06-27T18:01:26.001Z</time></trkpt><trkpt lat="19.139421" lon="-98.644292"><ele>4125.656</ele><time>2026-06-27T18:01:35.001Z</time></trkpt><trkpt lat="19.139452" lon="-98.644249"><ele>4125.977</ele><time>2026-06-27T18:01:46.001Z</time></trkpt><trkpt lat="19.139482" lon="-98.644202"><ele>4126.585</ele><time>2026-06-27T18:01:55.001Z</time></trkpt><trkpt lat="19.139522" lon="-98.644175"><ele>4127.388</ele><time>2026-06-27T18:02:04.001Z</time></trkpt><trkpt lat="19.139565" lon="-98.644150"><ele>4128.367</ele><time>2026-06-27T18:02:12.001Z</time></trkpt><trkpt lat="19.139615" lon="-98.644158"><ele>4129.045</ele><time>2026-06-27T18:02:22.001Z</time></trkpt><trkpt lat="19.139637" lon="-98.644117"><ele>4129.688</ele><time>2026-06-27T18:02:34.001Z</time></trkpt><trkpt lat="19.139657" lon="-98.644072"><ele>4130.024</ele><time>2026-06-27T18:02:44.001Z</time></trkpt><trkpt lat="19.139692" lon="-98.644041"><ele>4130.426</ele><time>2026-06-27T18:02:56.001Z</time></trkpt><trkpt lat="19.139725" lon="-98.644005"><ele>4131.509</ele><time>2026-06-27T18:03:15.001Z</time></trkpt><trkpt lat="19.139769" lon="-98.643994"><ele>4132.670</ele><time>2026-06-27T18:03:28.001Z</time></trkpt><trkpt lat="19.139814" lon="-98.643980"><ele>4134.245</ele><time>2026-06-27T18:03:35.001Z</time></trkpt><trkpt lat="19.139860" lon="-98.643962"><ele>4136.014</ele><time>2026-06-27T18:03:53.001Z</time></trkpt><trkpt lat="19.139909" lon="-98.643969"><ele>4136.770</ele><time>2026-06-27T18:04:01.001Z</time></trkpt><trkpt lat="19.139947" lon="-98.643942"><ele>4137.221</ele><time>2026-06-27T18:04:09.001Z</time></trkpt><trkpt lat="19.139987" lon="-98.643915"><ele>4138.459</ele><time>2026-06-27T18:04:17.001Z</time></trkpt><trkpt lat="19.140016" lon="-98.643872"><ele>4139.242</ele><time>2026-06-27T18:04:26.001Z</time></trkpt><trkpt lat="19.140049" lon="-98.643839"><ele>4139.561</ele><time>2026-06-27T18:04:36.001Z</time></trkpt><trkpt lat="19.140087" lon="-98.643809"><ele>4140.199</ele><time>2026-06-27T18:04:47.001Z</time></trkpt><trkpt lat="19.140119" lon="-98.643772"><ele>4141.354</ele><time>2026-06-27T18:05:00.001Z</time></trkpt><trkpt lat="19.140150" lon="-98.643737"><ele>4142.556</ele><time>2026-06-27T18:05:15.001Z</time></trkpt><trkpt lat="19.140176" lon="-98.643696"><ele>4143.511</ele><time>2026-06-27T18:05:31.001Z</time></trkpt><trkpt lat="19.140215" lon="-98.643672"><ele>4144.509</ele><time>2026-06-27T18:05:44.001Z</time></trkpt><trkpt lat="19.140236" lon="-98.643624"><ele>4145.837</ele><time>2026-06-27T18:05:57.001Z</time></trkpt><trkpt lat="19.140249" lon="-98.643578"><ele>4147.562</ele><time>2026-06-27T18:06:08.001Z</time></trkpt><trkpt lat="19.140292" lon="-98.643553"><ele>4148.881</ele><time>2026-06-27T18:06:17.001Z</time></trkpt><trkpt lat="19.140324" lon="-98.643515"><ele>4150.087</ele><time>2026-06-27T18:06:27.001Z</time></trkpt><trkpt lat="19.140358" lon="-98.643481"><ele>4151.258</ele><time>2026-06-27T18:06:35.001Z</time></trkpt><trkpt lat="19.140398" lon="-98.643457"><ele>4152.056</ele><time>2026-06-27T18:06:43.001Z</time></trkpt><trkpt lat="19.140434" lon="-98.643419"><ele>4152.679</ele><time>2026-06-27T18:06:54.001Z</time></trkpt><trkpt lat="19.140479" lon="-98.643408"><ele>4153.338</ele><time>2026-06-27T18:07:14.001Z</time></trkpt><trkpt lat="19.140529" lon="-98.643398"><ele>4154.196</ele><time>2026-06-27T18:07:36.001Z</time></trkpt><trkpt lat="19.140579" lon="-98.643376"><ele>4155.016</ele><time>2026-06-27T18:07:54.001Z</time></trkpt><trkpt lat="19.140624" lon="-98.643362"><ele>4155.976</ele><time>2026-06-27T18:08:07.001Z</time></trkpt><trkpt lat="19.140621" lon="-98.643312"><ele>4157.313</ele><time>2026-06-27T18:08:19.001Z</time></trkpt><trkpt lat="19.140656" lon="-98.643280"><ele>4158.909</ele><time>2026-06-27T18:08:31.001Z</time></trkpt><trkpt lat="19.140702" lon="-98.643264"><ele>4160.263</ele><time>2026-06-27T18:08:39.001Z</time></trkpt><trkpt lat="19.140747" lon="-98.643262"><ele>4161.558</ele><time>2026-06-27T18:08:46.001Z</time></trkpt><trkpt lat="19.140789" lon="-98.643240"><ele>4162.457</ele><time>2026-06-27T18:09:27.001Z</time></trkpt><trkpt lat="19.140802" lon="-98.643191"><ele>4162.853</ele><time>2026-06-27T18:09:36.001Z</time></trkpt><trkpt lat="19.140834" lon="-98.643150"><ele>4163.234</ele><time>2026-06-27T18:09:52.001Z</time></trkpt><trkpt lat="19.140852" lon="-98.643105"><ele>4163.892</ele><time>2026-06-27T18:10:14.001Z</time></trkpt><trkpt lat="19.140887" lon="-98.643067"><ele>4164.575</ele><time>2026-06-27T18:10:26.001Z</time></trkpt><trkpt lat="19.140927" lon="-98.643043"><ele>4166.274</ele><time>2026-06-27T18:10:35.001Z</time></trkpt><trkpt lat="19.140965" lon="-98.643016"><ele>4167.812</ele><time>2026-06-27T18:10:45.001Z</time></trkpt><trkpt lat="19.140996" lon="-98.642981"><ele>4168.635</ele><time>2026-06-27T18:10:54.001Z</time></trkpt><trkpt lat="19.141041" lon="-98.642956"><ele>4169.586</ele><time>2026-06-27T18:11:08.001Z</time></trkpt><trkpt lat="19.141086" lon="-98.642944"><ele>4170.414</ele><time>2026-06-27T18:11:18.001Z</time></trkpt><trkpt lat="19.141123" lon="-98.642910"><ele>4171.509</ele><time>2026-06-27T18:11:35.001Z</time></trkpt><trkpt lat="19.141155" lon="-98.642872"><ele>4172.635</ele><time>2026-06-27T18:11:52.001Z</time></trkpt><trkpt lat="19.141196" lon="-98.642847"><ele>4173.850</ele><time>2026-06-27T18:12:06.001Z</time></trkpt><trkpt lat="19.141218" lon="-98.642803"><ele>4175.449</ele><time>2026-06-27T18:16:56.001Z</time></trkpt><trkpt lat="19.141247" lon="-98.642766"><ele>4177.355</ele><time>2026-06-27T18:17:09.001Z</time></trkpt><trkpt lat="19.141287" lon="-98.642741"><ele>4179.216</ele><time>2026-06-27T18:17:26.001Z</time></trkpt><trkpt lat="19.141330" lon="-98.642718"><ele>4180.884</ele><time>2026-06-27T18:17:35.001Z</time></trkpt><trkpt lat="19.141365" lon="-98.642684"><ele>4182.757</ele><time>2026-06-27T18:17:58.002Z</time></trkpt><trkpt lat="19.141396" lon="-98.642649"><ele>4184.786</ele><time>2026-06-27T18:18:12.002Z</time></trkpt><trkpt lat="19.141428" lon="-98.642612"><ele>4186.744</ele><time>2026-06-27T18:18:28.002Z</time></trkpt><trkpt lat="19.141473" lon="-98.642585"><ele>4188.119</ele><time>2026-06-27T18:18:43.002Z</time></trkpt><trkpt lat="19.141519" lon="-98.642597"><ele>4189.209</ele><time>2026-06-27T18:18:55.002Z</time></trkpt><trkpt lat="19.141544" lon="-98.642553"><ele>4190.619</ele><time>2026-06-27T18:19:20.002Z</time></trkpt><trkpt lat="19.141593" lon="-98.642545"><ele>4191.709</ele><time>2026-06-27T18:19:30.002Z</time></trkpt><trkpt lat="19.141638" lon="-98.642531"><ele>4193.623</ele><time>2026-06-27T18:19:39.002Z</time></trkpt><trkpt lat="19.141682" lon="-98.642522"><ele>4195.448</ele><time>2026-06-27T18:19:48.002Z</time></trkpt><trkpt lat="19.141724" lon="-98.642499"><ele>4196.397</ele><time>2026-06-27T18:20:02.002Z</time></trkpt><trkpt lat="19.141769" lon="-98.642482"><ele>4197.353</ele><time>2026-06-27T18:20:17.002Z</time></trkpt><trkpt lat="19.141795" lon="-98.642442"><ele>4198.084</ele><time>2026-06-27T18:20:31.002Z</time></trkpt><trkpt lat="19.141827" lon="-98.642405"><ele>4199.282</ele><time>2026-06-27T18:20:51.002Z</time></trkpt><trkpt lat="19.141867" lon="-98.642365"><ele>4200.665</ele><time>2026-06-27T18:21:08.002Z</time></trkpt><trkpt lat="19.141906" lon="-98.642331"><ele>4202.224</ele><time>2026-06-27T18:21:27.002Z</time></trkpt><trkpt lat="19.141940" lon="-98.642300"><ele>4204.232</ele><time>2026-06-27T18:21:40.002Z</time></trkpt><trkpt lat="19.141985" lon="-98.642289"><ele>4206.259</ele><time>2026-06-27T18:21:51.002Z</time></trkpt><trkpt lat="19.141987" lon="-98.642337"><ele>4208.103</ele><time>2026-06-27T18:25:33.002Z</time></trkpt><trkpt lat="19.142032" lon="-98.642324"><ele>4209.423</ele><time>2026-06-27T18:27:25.002Z</time></trkpt><trkpt lat="19.142080" lon="-98.642319"><ele>4210.709</ele><time>2026-06-27T18:27:39.002Z</time></trkpt><trkpt lat="19.142118" lon="-98.642292"><ele>4211.747</ele><time>2026-06-27T18:27:52.002Z</time></trkpt><trkpt lat="19.142162" lon="-98.642267"><ele>4212.352</ele><time>2026-06-27T18:28:17.002Z</time></trkpt><trkpt lat="19.142209" lon="-98.642254"><ele>4213.121</ele><time>2026-06-27T18:28:31.002Z</time></trkpt><trkpt lat="19.142261" lon="-98.642250"><ele>4214.447</ele><time>2026-06-27T18:28:43.002Z</time></trkpt><trkpt lat="19.142308" lon="-98.642256"><ele>4216.478</ele><time>2026-06-27T18:29:01.002Z</time></trkpt><trkpt lat="19.142345" lon="-98.642224"><ele>4217.846</ele><time>2026-06-27T18:29:42.002Z</time></trkpt><trkpt lat="19.142386" lon="-98.642202"><ele>4219.089</ele><time>2026-06-27T18:30:02.002Z</time></trkpt><trkpt lat="19.142433" lon="-98.642193"><ele>4221.738</ele><time>2026-06-27T18:30:29.002Z</time></trkpt><trkpt lat="19.142477" lon="-98.642180"><ele>4224.936</ele><time>2026-06-27T18:30:53.002Z</time></trkpt><trkpt lat="19.142516" lon="-98.642149"><ele>4226.889</ele><time>2026-06-27T18:31:16.002Z</time></trkpt><trkpt lat="19.142564" lon="-98.642146"><ele>4228.306</ele><time>2026-06-27T18:31:25.002Z</time></trkpt><trkpt lat="19.142600" lon="-98.642116"><ele>4230.026</ele><time>2026-06-27T18:31:47.002Z</time></trkpt><trkpt lat="19.142619" lon="-98.642072"><ele>4231.009</ele><time>2026-06-27T18:32:13.002Z</time></trkpt><trkpt lat="19.142624" lon="-98.642019"><ele>4231.940</ele><time>2026-06-27T18:32:55.002Z</time></trkpt><trkpt lat="19.142636" lon="-98.641969"><ele>4234.265</ele><time>2026-06-27T18:33:11.002Z</time></trkpt><trkpt lat="19.142681" lon="-98.641977"><ele>4237.534</ele><time>2026-06-27T18:33:21.002Z</time></trkpt><trkpt lat="19.142712" lon="-98.641936"><ele>4240.040</ele><time>2026-06-27T18:33:36.002Z</time></trkpt><trkpt lat="19.142686" lon="-98.641896"><ele>4241.351</ele><time>2026-06-27T18:33:47.002Z</time></trkpt><trkpt lat="19.142692" lon="-98.641846"><ele>4242.629</ele><time>2026-06-27T18:36:13.002Z</time></trkpt><trkpt lat="19.142683" lon="-98.641799"><ele>4242.762</ele><time>2026-06-27T18:36:22.002Z</time></trkpt><trkpt lat="19.142712" lon="-98.641754"><ele>4242.751</ele><time>2026-06-27T18:36:30.002Z</time></trkpt><trkpt lat="19.142726" lon="-98.641708"><ele>4242.789</ele><time>2026-06-27T18:36:38.002Z</time></trkpt><trkpt lat="19.142738" lon="-98.641657"><ele>4241.844</ele><time>2026-06-27T18:36:44.002Z</time></trkpt><trkpt lat="19.142738" lon="-98.641606"><ele>4241.205</ele><time>2026-06-27T18:36:55.002Z</time></trkpt><trkpt lat="19.142742" lon="-98.641553"><ele>4240.715</ele><time>2026-06-27T18:37:01.002Z</time></trkpt><trkpt lat="19.142775" lon="-98.641513"><ele>4240.509</ele><time>2026-06-27T18:37:07.002Z</time></trkpt><trkpt lat="19.142784" lon="-98.641460"><ele>4240.536</ele><time>2026-06-27T18:37:13.002Z</time></trkpt><trkpt lat="19.142785" lon="-98.641412"><ele>4240.561</ele><time>2026-06-27T18:37:18.002Z</time></trkpt><trkpt lat="19.142795" lon="-98.641363"><ele>4240.550</ele><time>2026-06-27T18:37:24.002Z</time></trkpt><trkpt lat="19.142813" lon="-98.641318"><ele>4240.356</ele><time>2026-06-27T18:51:35.003Z</time></trkpt><trkpt lat="19.142823" lon="-98.641264"><ele>4240.367</ele><time>2026-06-27T18:51:45.003Z</time></trkpt><trkpt lat="19.142839" lon="-98.641218"><ele>4240.245</ele><time>2026-06-27T18:52:00.003Z</time></trkpt><trkpt lat="19.142852" lon="-98.641171"><ele>4240.238</ele><time>2026-06-27T18:52:12.003Z</time></trkpt><trkpt lat="19.142865" lon="-98.641120"><ele>4240.297</ele><time>2026-06-27T18:52:20.003Z</time></trkpt><trkpt lat="19.142889" lon="-98.641078"><ele>4240.745</ele><time>2026-06-27T18:52:26.003Z</time></trkpt><trkpt lat="19.142913" lon="-98.641038"><ele>4241.364</ele><time>2026-06-27T18:52:33.003Z</time></trkpt><trkpt lat="19.142932" lon="-98.640984"><ele>4241.706</ele><time>2026-06-27T18:52:41.003Z</time></trkpt><trkpt lat="19.142936" lon="-98.640932"><ele>4241.916</ele><time>2026-06-27T18:52:50.003Z</time></trkpt><trkpt lat="19.142969" lon="-98.640899"><ele>4242.109</ele><time>2026-06-27T18:53:08.003Z</time></trkpt><trkpt lat="19.142974" lon="-98.640851"><ele>4242.238</ele><time>2026-06-27T18:53:19.003Z</time></trkpt><trkpt lat="19.143006" lon="-98.640814"><ele>4243.063</ele><time>2026-06-27T18:53:29.003Z</time></trkpt><trkpt lat="19.143050" lon="-98.640790"><ele>4244.022</ele><time>2026-06-27T18:53:50.003Z</time></trkpt><trkpt lat="19.143045" lon="-98.640742"><ele>4244.848</ele><time>2026-06-27T18:54:02.003Z</time></trkpt><trkpt lat="19.143075" lon="-98.640704"><ele>4246.679</ele><time>2026-06-27T18:54:21.003Z</time></trkpt><trkpt lat="19.143091" lon="-98.640657"><ele>4248.397</ele><time>2026-06-27T18:54:41.003Z</time></trkpt><trkpt lat="19.143125" lon="-98.640624"><ele>4249.420</ele><time>2026-06-27T18:54:59.003Z</time></trkpt><trkpt lat="19.143150" lon="-98.640577"><ele>4251.269</ele><time>2026-06-27T18:55:19.003Z</time></trkpt><trkpt lat="19.143172" lon="-98.640531"><ele>4253.027</ele><time>2026-06-27T18:55:34.003Z</time></trkpt><trkpt lat="19.143210" lon="-98.640503"><ele>4255.013</ele><time>2026-06-27T18:55:47.004Z</time></trkpt><trkpt lat="19.143238" lon="-98.640466"><ele>4257.143</ele><time>2026-06-27T18:56:06.004Z</time></trkpt><trkpt lat="19.143274" lon="-98.640436"><ele>4258.507</ele><time>2026-06-27T18:56:17.004Z</time></trkpt><trkpt lat="19.143312" lon="-98.640404"><ele>4260.209</ele><time>2026-06-27T18:56:31.004Z</time></trkpt><trkpt lat="19.143349" lon="-98.640372"><ele>4261.783</ele><time>2026-06-27T18:56:55.004Z</time></trkpt><trkpt lat="19.143367" lon="-98.640326"><ele>4262.428</ele><time>2026-06-27T18:57:14.004Z</time></trkpt><trkpt lat="19.143400" lon="-98.640286"><ele>4263.977</ele><time>2026-06-27T18:57:37.004Z</time></trkpt><trkpt lat="19.143455" lon="-98.640250"><ele>4266.053</ele><time>2026-06-27T18:58:12.004Z</time></trkpt><trkpt lat="19.143444" lon="-98.640203"><ele>4267.814</ele><time>2026-06-27T18:58:34.004Z</time></trkpt><trkpt lat="19.143490" lon="-98.640186"><ele>4270.372</ele><time>2026-06-27T18:59:03.004Z</time></trkpt><trkpt lat="19.143515" lon="-98.640139"><ele>4273.035</ele><time>2026-06-27T18:59:20.004Z</time></trkpt><trkpt lat="19.143557" lon="-98.640162"><ele>4275.824</ele><time>2026-06-27T18:59:49.004Z</time></trkpt><trkpt lat="19.143578" lon="-98.640115"><ele>4278.462</ele><time>2026-06-27T19:00:01.004Z</time></trkpt><trkpt lat="19.143616" lon="-98.640086"><ele>4280.277</ele><time>2026-06-27T19:00:28.004Z</time></trkpt><trkpt lat="19.143662" lon="-98.640105"><ele>4281.761</ele><time>2026-06-27T19:00:59.004Z</time></trkpt><trkpt lat="19.143690" lon="-98.640064"><ele>4284.027</ele><time>2026-06-27T19:01:12.004Z</time></trkpt><trkpt lat="19.143741" lon="-98.640072"><ele>4287.509</ele><time>2026-06-27T19:01:36.004Z</time></trkpt><trkpt lat="19.143721" lon="-98.640027"><ele>4289.749</ele><time>2026-06-27T19:03:39.004Z</time></trkpt><trkpt lat="19.143757" lon="-98.639990"><ele>4291.144</ele><time>2026-06-27T19:04:04.004Z</time></trkpt><trkpt lat="19.143806" lon="-98.639988"><ele>4293.513</ele><time>2026-06-27T19:04:17.004Z</time></trkpt><trkpt lat="19.143835" lon="-98.639941"><ele>4295.559</ele><time>2026-06-27T19:04:31.004Z</time></trkpt><trkpt lat="19.143854" lon="-98.639897"><ele>4297.090</ele><time>2026-06-27T19:04:48.004Z</time></trkpt><trkpt lat="19.143892" lon="-98.639871"><ele>4299.378</ele><time>2026-06-27T19:05:05.004Z</time></trkpt><trkpt lat="19.143926" lon="-98.639836"><ele>4301.311</ele><time>2026-06-27T19:05:32.004Z</time></trkpt><trkpt lat="19.143970" lon="-98.639847"><ele>4302.910</ele><time>2026-06-27T19:05:58.004Z</time></trkpt><trkpt lat="19.144021" lon="-98.639852"><ele>4305.158</ele><time>2026-06-27T19:06:19.004Z</time></trkpt><trkpt lat="19.144046" lon="-98.639809"><ele>4308.178</ele><time>2026-06-27T19:06:32.004Z</time></trkpt><trkpt lat="19.144094" lon="-98.639789"><ele>4310.633</ele><time>2026-06-27T19:07:07.004Z</time></trkpt><trkpt lat="19.144100" lon="-98.639741"><ele>4312.226</ele><time>2026-06-27T19:07:19.004Z</time></trkpt><trkpt lat="19.144127" lon="-98.639701"><ele>4313.809</ele><time>2026-06-27T19:07:46.004Z</time></trkpt><trkpt lat="19.144173" lon="-98.639708"><ele>4315.199</ele><time>2026-06-27T19:08:17.004Z</time></trkpt><trkpt lat="19.144217" lon="-98.639694"><ele>4317.234</ele><time>2026-06-27T19:08:59.004Z</time></trkpt><trkpt lat="19.144262" lon="-98.639680"><ele>4320.323</ele><time>2026-06-27T19:09:08.004Z</time></trkpt><trkpt lat="19.144291" lon="-98.639641"><ele>4322.189</ele><time>2026-06-27T19:09:20.004Z</time></trkpt><trkpt lat="19.144319" lon="-98.639602"><ele>4323.440</ele><time>2026-06-27T19:09:30.004Z</time></trkpt><trkpt lat="19.144350" lon="-98.639565"><ele>4325.198</ele><time>2026-06-27T19:10:27.004Z</time></trkpt><trkpt lat="19.144372" lon="-98.639522"><ele>4326.381</ele><time>2026-06-27T19:10:44.004Z</time></trkpt><trkpt lat="19.144408" lon="-98.639492"><ele>4328.540</ele><time>2026-06-27T19:10:56.004Z</time></trkpt><trkpt lat="19.144447" lon="-98.639529"><ele>4330.948</ele><time>2026-06-27T19:11:23.004Z</time></trkpt><trkpt lat="19.144493" lon="-98.639531"><ele>4331.951</ele><time>2026-06-27T19:12:14.004Z</time></trkpt><trkpt lat="19.144537" lon="-98.639518"><ele>4333.801</ele><time>2026-06-27T19:14:18.005Z</time></trkpt><trkpt lat="19.144575" lon="-98.639488"><ele>4336.111</ele><time>2026-06-27T19:14:31.005Z</time></trkpt><trkpt lat="19.144620" lon="-98.639470"><ele>4337.509</ele><time>2026-06-27T19:15:33.005Z</time></trkpt><trkpt lat="19.144666" lon="-98.639463"><ele>4338.977</ele><time>2026-06-27T19:15:48.005Z</time></trkpt><trkpt lat="19.144710" lon="-98.639441"><ele>4341.992</ele><time>2026-06-27T19:16:07.005Z</time></trkpt><trkpt lat="19.144748" lon="-98.639408"><ele>4344.931</ele><time>2026-06-27T19:16:22.005Z</time></trkpt><trkpt lat="19.144790" lon="-98.639389"><ele>4346.637</ele><time>2026-06-27T19:16:46.005Z</time></trkpt><trkpt lat="19.144815" lon="-98.639347"><ele>4347.858</ele><time>2026-06-27T19:17:01.005Z</time></trkpt><trkpt lat="19.144860" lon="-98.639353"><ele>4349.796</ele><time>2026-06-27T19:17:30.005Z</time></trkpt><trkpt lat="19.144886" lon="-98.639398"><ele>4352.239</ele><time>2026-06-27T19:17:53.005Z</time></trkpt><trkpt lat="19.144924" lon="-98.639364"><ele>4354.468</ele><time>2026-06-27T19:18:06.005Z</time></trkpt><trkpt lat="19.144963" lon="-98.639333"><ele>4356.926</ele><time>2026-06-27T19:18:21.005Z</time></trkpt><trkpt lat="19.145014" lon="-98.639319"><ele>4358.865</ele><time>2026-06-27T19:18:35.005Z</time></trkpt><trkpt lat="19.145025" lon="-98.639365"><ele>4360.468</ele><time>2026-06-27T19:18:54.005Z</time></trkpt><trkpt lat="19.145057" lon="-98.639402"><ele>4362.014</ele><time>2026-06-27T19:19:07.005Z</time></trkpt><trkpt lat="19.145101" lon="-98.639431"><ele>4363.909</ele><time>2026-06-27T19:19:25.005Z</time></trkpt><trkpt lat="19.145136" lon="-98.639462"><ele>4366.038</ele><time>2026-06-27T19:19:37.005Z</time></trkpt><trkpt lat="19.145157" lon="-98.639418"><ele>4367.573</ele><time>2026-06-27T19:23:03.005Z</time></trkpt><trkpt lat="19.145194" lon="-98.639390"><ele>4368.812</ele><time>2026-06-27T19:23:15.005Z</time></trkpt><trkpt lat="19.145236" lon="-98.639371"><ele>4369.528</ele><time>2026-06-27T19:23:30.005Z</time></trkpt><trkpt lat="19.145278" lon="-98.639349"><ele>4369.949</ele><time>2026-06-27T19:23:38.005Z</time></trkpt><trkpt lat="19.145322" lon="-98.639322"><ele>4370.797</ele><time>2026-06-27T19:23:59.005Z</time></trkpt><trkpt lat="19.145301" lon="-98.639273"><ele>4371.880</ele><time>2026-06-27T19:24:16.005Z</time></trkpt><trkpt lat="19.145308" lon="-98.639226"><ele>4373.839</ele><time>2026-06-27T19:24:45.005Z</time></trkpt><trkpt lat="19.145338" lon="-98.639190"><ele>4376.037</ele><time>2026-06-27T19:25:01.005Z</time></trkpt><trkpt lat="19.145373" lon="-98.639159"><ele>4378.741</ele><time>2026-06-27T19:25:57.005Z</time></trkpt><trkpt lat="19.145390" lon="-98.639113"><ele>4381.381</ele><time>2026-06-27T19:26:19.005Z</time></trkpt><trkpt lat="19.145395" lon="-98.639065"><ele>4383.609</ele><time>2026-06-27T19:26:46.005Z</time></trkpt><trkpt lat="19.145413" lon="-98.639021"><ele>4385.909</ele><time>2026-06-27T19:27:07.005Z</time></trkpt><trkpt lat="19.145436" lon="-98.638978"><ele>4387.926</ele><time>2026-06-27T19:27:28.005Z</time></trkpt><trkpt lat="19.145466" lon="-98.638943"><ele>4390.251</ele><time>2026-06-27T19:27:38.005Z</time></trkpt><trkpt lat="19.145496" lon="-98.638902"><ele>4391.920</ele><time>2026-06-27T19:28:04.005Z</time></trkpt><trkpt lat="19.145515" lon="-98.638858"><ele>4393.096</ele><time>2026-06-27T19:28:13.005Z</time></trkpt><trkpt lat="19.145566" lon="-98.638849"><ele>4395.287</ele><time>2026-06-27T19:28:27.005Z</time></trkpt><trkpt lat="19.145608" lon="-98.638831"><ele>4397.145</ele><time>2026-06-27T19:28:38.005Z</time></trkpt><trkpt lat="19.145635" lon="-98.638791"><ele>4397.688</ele><time>2026-06-27T19:28:45.005Z</time></trkpt><trkpt lat="19.145682" lon="-98.638777"><ele>4397.777</ele><time>2026-06-27T19:28:58.005Z</time></trkpt><trkpt lat="19.145727" lon="-98.638785"><ele>4397.835</ele><time>2026-06-27T19:29:09.005Z</time></trkpt><trkpt lat="19.145773" lon="-98.638788"><ele>4398.421</ele><time>2026-06-27T19:29:17.006Z</time></trkpt><trkpt lat="19.145811" lon="-98.638760"><ele>4399.041</ele><time>2026-06-27T19:29:30.006Z</time></trkpt><trkpt lat="19.145851" lon="-98.638731"><ele>4399.205</ele><time>2026-06-27T19:29:44.006Z</time></trkpt><trkpt lat="19.145895" lon="-98.638711"><ele>4399.909</ele><time>2026-06-27T19:29:59.006Z</time></trkpt><trkpt lat="19.145927" lon="-98.638670"><ele>4401.074</ele><time>2026-06-27T19:30:17.006Z</time></trkpt><trkpt lat="19.145954" lon="-98.638626"><ele>4401.999</ele><time>2026-06-27T19:30:30.006Z</time></trkpt><trkpt lat="19.145972" lon="-98.638576"><ele>4403.148</ele><time>2026-06-27T19:30:52.006Z</time></trkpt><trkpt lat="19.146003" lon="-98.638539"><ele>4404.714</ele><time>2026-06-27T19:31:00.006Z</time></trkpt><trkpt lat="19.146028" lon="-98.638498"><ele>4406.255</ele><time>2026-06-27T19:31:10.006Z</time></trkpt><trkpt lat="19.146045" lon="-98.638448"><ele>4407.023</ele><time>2026-06-27T19:31:31.006Z</time></trkpt><trkpt lat="19.146078" lon="-98.638415"><ele>4407.176</ele><time>2026-06-27T19:31:42.006Z</time></trkpt><trkpt lat="19.146102" lon="-98.638373"><ele>4407.915</ele><time>2026-06-27T19:31:49.006Z</time></trkpt><trkpt lat="19.146130" lon="-98.638333"><ele>4408.843</ele><time>2026-06-27T19:31:57.006Z</time></trkpt><trkpt lat="19.146158" lon="-98.638294"><ele>4409.037</ele><time>2026-06-27T19:32:04.006Z</time></trkpt><trkpt lat="19.146178" lon="-98.638245"><ele>4409.149</ele><time>2026-06-27T19:32:15.006Z</time></trkpt><trkpt lat="19.146194" lon="-98.638197"><ele>4409.113</ele><time>2026-06-27T19:32:22.006Z</time></trkpt><trkpt lat="19.146224" lon="-98.638154"><ele>4409.109</ele><time>2026-06-27T19:32:30.006Z</time></trkpt><trkpt lat="19.146232" lon="-98.638106"><ele>4409.145</ele><time>2026-06-27T19:32:34.006Z</time></trkpt><trkpt lat="19.146280" lon="-98.638104"><ele>4409.140</ele><time>2026-06-27T19:32:40.006Z</time></trkpt><trkpt lat="19.146331" lon="-98.638107"><ele>4408.969</ele><time>2026-06-27T19:32:47.006Z</time></trkpt><trkpt lat="19.146380" lon="-98.638097"><ele>4409.075</ele><time>2026-06-27T19:33:01.006Z</time></trkpt><trkpt lat="19.146429" lon="-98.638094"><ele>4409.016</ele><time>2026-06-27T19:33:10.006Z</time></trkpt><trkpt lat="19.146478" lon="-98.638080"><ele>4409.624</ele><time>2026-06-27T19:33:21.006Z</time></trkpt><trkpt lat="19.146524" lon="-98.638073"><ele>4410.427</ele><time>2026-06-27T19:33:33.006Z</time></trkpt><trkpt lat="19.146573" lon="-98.638070"><ele>4410.826</ele><time>2026-06-27T19:34:02.006Z</time></trkpt><trkpt lat="19.146621" lon="-98.638057"><ele>4411.484</ele><time>2026-06-27T19:34:16.006Z</time></trkpt><trkpt lat="19.146665" lon="-98.638043"><ele>4412.214</ele><time>2026-06-27T19:34:50.006Z</time></trkpt><trkpt lat="19.146698" lon="-98.638003"><ele>4413.654</ele><time>2026-06-27T19:34:59.006Z</time></trkpt><trkpt lat="19.146743" lon="-98.637975"><ele>4414.509</ele><time>2026-06-27T19:35:09.006Z</time></trkpt><trkpt lat="19.146787" lon="-98.637960"><ele>4414.809</ele><time>2026-06-27T19:35:24.006Z</time></trkpt><trkpt lat="19.146832" lon="-98.637947"><ele>4415.123</ele><time>2026-06-27T19:35:34.007Z</time></trkpt><trkpt lat="19.146865" lon="-98.637912"><ele>4415.498</ele><time>2026-06-27T19:35:49.007Z</time></trkpt><trkpt lat="19.146905" lon="-98.637883"><ele>4415.547</ele><time>2026-06-27T19:36:07.007Z</time></trkpt><trkpt lat="19.146949" lon="-98.637869"><ele>4416.013</ele><time>2026-06-27T19:36:22.007Z</time></trkpt><trkpt lat="19.146999" lon="-98.637856"><ele>4417.154</ele><time>2026-06-27T19:36:36.007Z</time></trkpt><trkpt lat="19.147044" lon="-98.637836"><ele>4418.452</ele><time>2026-06-27T19:36:51.007Z</time></trkpt><trkpt lat="19.147089" lon="-98.637824"><ele>4419.655</ele><time>2026-06-27T19:37:10.007Z</time></trkpt><trkpt lat="19.147126" lon="-98.637790"><ele>4420.794</ele><time>2026-06-27T19:37:24.007Z</time></trkpt><trkpt lat="19.147173" lon="-98.637780"><ele>4422.162</ele><time>2026-06-27T19:37:41.007Z</time></trkpt><trkpt lat="19.147216" lon="-98.637764"><ele>4423.881</ele><time>2026-06-27T19:37:56.007Z</time></trkpt><trkpt lat="19.147232" lon="-98.637712"><ele>4425.761</ele><time>2026-06-27T19:38:11.007Z</time></trkpt><trkpt lat="19.147277" lon="-98.637705"><ele>4427.317</ele><time>2026-06-27T19:38:29.007Z</time></trkpt><trkpt lat="19.147320" lon="-98.637678"><ele>4428.609</ele><time>2026-06-27T19:38:43.007Z</time></trkpt><trkpt lat="19.147369" lon="-98.637681"><ele>4430.320</ele><time>2026-06-27T19:38:55.007Z</time></trkpt><trkpt lat="19.147418" lon="-98.637671"><ele>4431.995</ele><time>2026-06-27T19:39:05.007Z</time></trkpt><trkpt lat="19.147463" lon="-98.637666"><ele>4432.934</ele><time>2026-06-27T19:39:14.007Z</time></trkpt><trkpt lat="19.147505" lon="-98.637644"><ele>4433.810</ele><time>2026-06-27T19:39:29.007Z</time></trkpt><trkpt lat="19.147537" lon="-98.637607"><ele>4434.691</ele><time>2026-06-27T19:39:42.007Z</time></trkpt><trkpt lat="19.147582" lon="-98.637605"><ele>4435.429</ele><time>2026-06-27T19:39:54.007Z</time></trkpt><trkpt lat="19.147626" lon="-98.637593"><ele>4436.752</ele><time>2026-06-27T19:40:02.007Z</time></trkpt><trkpt lat="19.147580" lon="-98.637594"><ele>4438.281</ele><time>2026-06-27T19:41:13.008Z</time></trkpt><trkpt lat="19.147627" lon="-98.637589"><ele>4439.159</ele><time>2026-06-27T19:48:57.008Z</time></trkpt><trkpt lat="19.147673" lon="-98.637579"><ele>4439.421</ele><time>2026-06-27T19:51:04.008Z</time></trkpt><trkpt lat="19.147715" lon="-98.637557"><ele>4440.241</ele><time>2026-06-27T19:51:18.008Z</time></trkpt><trkpt lat="19.147752" lon="-98.637526"><ele>4441.705</ele><time>2026-06-27T19:51:38.008Z</time></trkpt><trkpt lat="19.147775" lon="-98.637479"><ele>4443.409</ele><time>2026-06-27T19:51:51.008Z</time></trkpt><trkpt lat="19.147814" lon="-98.637452"><ele>4445.044</ele><time>2026-06-27T19:52:06.008Z</time></trkpt><trkpt lat="19.147857" lon="-98.637435"><ele>4446.639</ele><time>2026-06-27T19:52:22.008Z</time></trkpt><trkpt lat="19.147888" lon="-98.637396"><ele>4448.518</ele><time>2026-06-27T19:52:40.008Z</time></trkpt><trkpt lat="19.147900" lon="-98.637350"><ele>4450.364</ele><time>2026-06-27T19:52:57.008Z</time></trkpt><trkpt lat="19.147922" lon="-98.637307"><ele>4452.025</ele><time>2026-06-27T19:55:16.008Z</time></trkpt><trkpt lat="19.147957" lon="-98.637277"><ele>4453.893</ele><time>2026-06-27T19:55:37.008Z</time></trkpt><trkpt lat="19.147991" lon="-98.637245"><ele>4456.866</ele><time>2026-06-27T19:56:00.008Z</time></trkpt><trkpt lat="19.148033" lon="-98.637222"><ele>4459.965</ele><time>2026-06-27T19:56:17.008Z</time></trkpt><trkpt lat="19.148061" lon="-98.637184"><ele>4461.943</ele><time>2026-06-27T19:56:35.008Z</time></trkpt><trkpt lat="19.148099" lon="-98.637157"><ele>4463.655</ele><time>2026-06-27T19:56:47.008Z</time></trkpt><trkpt lat="19.148141" lon="-98.637126"><ele>4465.107</ele><time>2026-06-27T19:57:13.008Z</time></trkpt><trkpt lat="19.148163" lon="-98.637084"><ele>4466.517</ele><time>2026-06-27T19:57:36.008Z</time></trkpt><trkpt lat="19.148207" lon="-98.637061"><ele>4468.109</ele><time>2026-06-27T19:57:51.008Z</time></trkpt><trkpt lat="19.148252" lon="-98.637032"><ele>4469.537</ele><time>2026-06-27T19:58:06.008Z</time></trkpt><trkpt lat="19.148280" lon="-98.636994"><ele>4470.322</ele><time>2026-06-27T19:58:20.008Z</time></trkpt><trkpt lat="19.148308" lon="-98.636951"><ele>4471.151</ele><time>2026-06-27T19:58:35.008Z</time></trkpt><trkpt lat="19.148335" lon="-98.636911"><ele>4472.267</ele><time>2026-06-27T19:58:53.008Z</time></trkpt><trkpt lat="19.148374" lon="-98.636879"><ele>4473.988</ele><time>2026-06-27T19:59:07.008Z</time></trkpt><trkpt lat="19.148420" lon="-98.636860"><ele>4475.786</ele><time>2026-06-27T19:59:25.008Z</time></trkpt><trkpt lat="19.148461" lon="-98.636837"><ele>4477.059</ele><time>2026-06-27T19:59:46.008Z</time></trkpt><trkpt lat="19.148486" lon="-98.636796"><ele>4478.358</ele><time>2026-06-27T20:00:00.008Z</time></trkpt><trkpt lat="19.148526" lon="-98.636766"><ele>4479.746</ele><time>2026-06-27T20:00:30.008Z</time></trkpt><trkpt lat="19.148544" lon="-98.636720"><ele>4481.174</ele><time>2026-06-27T20:00:48.008Z</time></trkpt><trkpt lat="19.148589" lon="-98.636700"><ele>4482.756</ele><time>2026-06-27T20:01:00.008Z</time></trkpt><trkpt lat="19.148633" lon="-98.636683"><ele>4484.221</ele><time>2026-06-27T20:01:16.008Z</time></trkpt><trkpt lat="19.148677" lon="-98.636658"><ele>4485.409</ele><time>2026-06-27T20:01:28.008Z</time></trkpt><trkpt lat="19.148712" lon="-98.636622"><ele>4486.299</ele><time>2026-06-27T20:01:40.008Z</time></trkpt><trkpt lat="19.148751" lon="-98.636598"><ele>4486.614</ele><time>2026-06-27T20:01:48.008Z</time></trkpt><trkpt lat="19.148799" lon="-98.636584"><ele>4487.193</ele><time>2026-06-27T20:01:54.008Z</time></trkpt><trkpt lat="19.148838" lon="-98.636558"><ele>4487.529</ele><time>2026-06-27T20:02:02.008Z</time></trkpt><trkpt lat="19.148880" lon="-98.636528"><ele>4487.660</ele><time>2026-06-27T20:02:09.008Z</time></trkpt><trkpt lat="19.148924" lon="-98.636509"><ele>4487.738</ele><time>2026-06-27T20:02:18.008Z</time></trkpt><trkpt lat="19.148955" lon="-98.636467"><ele>4487.821</ele><time>2026-06-27T20:02:32.008Z</time></trkpt><trkpt lat="19.148986" lon="-98.636428"><ele>4487.930</ele><time>2026-06-27T20:02:42.008Z</time></trkpt><trkpt lat="19.149025" lon="-98.636400"><ele>4488.488</ele><time>2026-06-27T20:02:58.008Z</time></trkpt><trkpt lat="19.149068" lon="-98.636385"><ele>4489.662</ele><time>2026-06-27T20:03:07.008Z</time></trkpt><trkpt lat="19.149105" lon="-98.636358"><ele>4490.683</ele><time>2026-06-27T20:03:21.008Z</time></trkpt><trkpt lat="19.149148" lon="-98.636337"><ele>4491.111</ele><time>2026-06-27T20:03:35.008Z</time></trkpt><trkpt lat="19.149200" lon="-98.636346"><ele>4491.909</ele><time>2026-06-27T20:03:46.008Z</time></trkpt><trkpt lat="19.149243" lon="-98.636329"><ele>4493.348</ele><time>2026-06-27T20:03:59.008Z</time></trkpt><trkpt lat="19.149290" lon="-98.636317"><ele>4494.353</ele><time>2026-06-27T20:04:09.008Z</time></trkpt><trkpt lat="19.149326" lon="-98.636284"><ele>4495.152</ele><time>2026-06-27T20:04:27.008Z</time></trkpt><trkpt lat="19.149376" lon="-98.636269"><ele>4496.278</ele><time>2026-06-27T20:04:43.008Z</time></trkpt><trkpt lat="19.149420" lon="-98.636254"><ele>4497.539</ele><time>2026-06-27T20:04:57.008Z</time></trkpt><trkpt lat="19.149469" lon="-98.636242"><ele>4499.227</ele><time>2026-06-27T20:05:14.008Z</time></trkpt><trkpt lat="19.149518" lon="-98.636231"><ele>4500.930</ele><time>2026-06-27T20:05:28.008Z</time></trkpt><trkpt lat="19.149563" lon="-98.636221"><ele>4502.779</ele><time>2026-06-27T20:05:47.008Z</time></trkpt><trkpt lat="19.149579" lon="-98.636176"><ele>4504.087</ele><time>2026-06-27T20:06:10.008Z</time></trkpt><trkpt lat="19.149616" lon="-98.636147"><ele>4504.851</ele><time>2026-06-27T20:06:26.008Z</time></trkpt><trkpt lat="19.149661" lon="-98.636156"><ele>4506.001</ele><time>2026-06-27T20:06:45.008Z</time></trkpt><trkpt lat="19.149704" lon="-98.636137"><ele>4507.711</ele><time>2026-06-27T20:07:13.009Z</time></trkpt><trkpt lat="19.149747" lon="-98.636119"><ele>4509.409</ele><time>2026-06-27T20:07:26.009Z</time></trkpt><trkpt lat="19.149791" lon="-98.636099"><ele>4510.467</ele><time>2026-06-27T20:07:37.009Z</time></trkpt><trkpt lat="19.149836" lon="-98.636089"><ele>4511.142</ele><time>2026-06-27T20:07:47.009Z</time></trkpt><trkpt lat="19.149882" lon="-98.636080"><ele>4511.891</ele><time>2026-06-27T20:07:54.009Z</time></trkpt><trkpt lat="19.149926" lon="-98.636054"><ele>4512.277</ele><time>2026-06-27T20:08:04.009Z</time></trkpt><trkpt lat="19.149951" lon="-98.636012"><ele>4512.548</ele><time>2026-06-27T20:08:12.009Z</time></trkpt><trkpt lat="19.150002" lon="-98.636018"><ele>4512.896</ele><time>2026-06-27T20:17:18.008Z</time></trkpt><trkpt lat="19.149992" lon="-98.635968"><ele>4513.139</ele><time>2026-06-27T20:19:13.008Z</time></trkpt><trkpt lat="19.150026" lon="-98.635936"><ele>4513.128</ele><time>2026-06-27T20:19:30.008Z</time></trkpt><trkpt lat="19.150073" lon="-98.635915"><ele>4513.116</ele><time>2026-06-27T20:19:40.008Z</time></trkpt><trkpt lat="19.150118" lon="-98.635927"><ele>4513.064</ele><time>2026-06-27T20:19:51.008Z</time></trkpt><trkpt lat="19.150168" lon="-98.635941"><ele>4512.206</ele><time>2026-06-27T20:19:59.008Z</time></trkpt><trkpt lat="19.150218" lon="-98.635928"><ele>4511.316</ele><time>2026-06-27T20:20:12.008Z</time></trkpt><trkpt lat="19.150268" lon="-98.635914"><ele>4510.909</ele><time>2026-06-27T20:20:20.008Z</time></trkpt><trkpt lat="19.150312" lon="-98.635925"><ele>4510.678</ele><time>2026-06-27T20:20:29.008Z</time></trkpt><trkpt lat="19.150358" lon="-98.635915"><ele>4510.153</ele><time>2026-06-27T20:20:38.008Z</time></trkpt><trkpt lat="19.150404" lon="-98.635912"><ele>4510.082</ele><time>2026-06-27T20:20:45.008Z</time></trkpt><trkpt lat="19.150450" lon="-98.635919"><ele>4509.968</ele><time>2026-06-27T20:20:55.008Z</time></trkpt><trkpt lat="19.150486" lon="-98.635889"><ele>4509.989</ele><time>2026-06-27T20:21:04.008Z</time></trkpt><trkpt lat="19.150534" lon="-98.635875"><ele>4509.937</ele><time>2026-06-27T20:21:11.008Z</time></trkpt><trkpt lat="19.150590" lon="-98.635870"><ele>4509.990</ele><time>2026-06-27T20:21:31.008Z</time></trkpt><trkpt lat="19.150641" lon="-98.635865"><ele>4509.689</ele><time>2026-06-27T20:21:40.008Z</time></trkpt><trkpt lat="19.150688" lon="-98.635883"><ele>4509.047</ele><time>2026-06-27T20:21:49.008Z</time></trkpt><trkpt lat="19.150734" lon="-98.635866"><ele>4509.046</ele><time>2026-06-27T20:22:41.008Z</time></trkpt><trkpt lat="19.150782" lon="-98.635869"><ele>4509.088</ele><time>2026-06-27T20:22:47.008Z</time></trkpt><trkpt lat="19.150828" lon="-98.635851"><ele>4509.316</ele><time>2026-06-27T20:22:53.008Z</time></trkpt><trkpt lat="19.150873" lon="-98.635866"><ele>4510.309</ele><time>2026-06-27T20:23:15.008Z</time></trkpt><trkpt lat="19.150921" lon="-98.635863"><ele>4510.836</ele><time>2026-06-27T20:23:29.008Z</time></trkpt><trkpt lat="19.150974" lon="-98.635873"><ele>4510.821</ele><time>2026-06-27T20:23:43.008Z</time></trkpt><trkpt lat="19.151021" lon="-98.635862"><ele>4510.980</ele><time>2026-06-27T20:23:49.008Z</time></trkpt><trkpt lat="19.151067" lon="-98.635855"><ele>4511.436</ele><time>2026-06-27T20:23:58.008Z</time></trkpt><trkpt lat="19.151115" lon="-98.635851"><ele>4512.177</ele><time>2026-06-27T20:24:15.008Z</time></trkpt><trkpt lat="19.151161" lon="-98.635839"><ele>4512.725</ele><time>2026-06-27T20:24:25.008Z</time></trkpt><trkpt lat="19.151208" lon="-98.635836"><ele>4513.548</ele><time>2026-06-27T20:24:39.008Z</time></trkpt><trkpt lat="19.151258" lon="-98.635826"><ele>4514.027</ele><time>2026-06-27T20:25:23.008Z</time></trkpt><trkpt lat="19.151304" lon="-98.635820"><ele>4514.655</ele><time>2026-06-27T20:25:34.008Z</time></trkpt><trkpt lat="19.151350" lon="-98.635830"><ele>4515.898</ele><time>2026-06-27T20:25:48.008Z</time></trkpt><trkpt lat="19.151396" lon="-98.635819"><ele>4516.715</ele><time>2026-06-27T20:26:05.008Z</time></trkpt><trkpt lat="19.151439" lon="-98.635803"><ele>4517.326</ele><time>2026-06-27T20:26:18.008Z</time></trkpt><trkpt lat="19.151484" lon="-98.635789"><ele>4518.209</ele><time>2026-06-27T20:26:30.008Z</time></trkpt><trkpt lat="19.151533" lon="-98.635793"><ele>4519.161</ele><time>2026-06-27T20:26:43.008Z</time></trkpt><trkpt lat="19.151580" lon="-98.635796"><ele>4520.136</ele><time>2026-06-27T20:26:57.008Z</time></trkpt><trkpt lat="19.151626" lon="-98.635789"><ele>4521.215</ele><time>2026-06-27T20:27:11.008Z</time></trkpt><trkpt lat="19.151675" lon="-98.635800"><ele>4522.391</ele><time>2026-06-27T20:27:29.008Z</time></trkpt><trkpt lat="19.151716" lon="-98.635822"><ele>4523.562</ele><time>2026-06-27T20:27:56.008Z</time></trkpt><trkpt lat="19.151762" lon="-98.635824"><ele>4524.640</ele><time>2026-06-27T20:28:11.008Z</time></trkpt><trkpt lat="19.151807" lon="-98.635837"><ele>4525.833</ele><time>2026-06-27T20:28:27.008Z</time></trkpt><trkpt lat="19.151856" lon="-98.635837"><ele>4527.192</ele><time>2026-06-27T20:28:47.008Z</time></trkpt><trkpt lat="19.151899" lon="-98.635854"><ele>4528.130</ele><time>2026-06-27T20:28:57.008Z</time></trkpt><trkpt lat="19.151945" lon="-98.635867"><ele>4529.377</ele><time>2026-06-27T20:30:45.008Z</time></trkpt><trkpt lat="19.151991" lon="-98.635863"><ele>4530.761</ele><time>2026-06-27T20:31:02.008Z</time></trkpt><trkpt lat="19.152038" lon="-98.635867"><ele>4532.727</ele><time>2026-06-27T20:31:19.008Z</time></trkpt><trkpt lat="19.152083" lon="-98.635860"><ele>4534.709</ele><time>2026-06-27T20:31:40.008Z</time></trkpt><trkpt lat="19.152125" lon="-98.635880"><ele>4536.269</ele><time>2026-06-27T20:31:52.008Z</time></trkpt><trkpt lat="19.152165" lon="-98.635858"><ele>4537.944</ele><time>2026-06-27T20:32:10.008Z</time></trkpt><trkpt lat="19.152210" lon="-98.635850"><ele>4539.413</ele><time>2026-06-27T20:32:28.008Z</time></trkpt><trkpt lat="19.152255" lon="-98.635859"><ele>4540.979</ele><time>2026-06-27T20:32:56.008Z</time></trkpt><trkpt lat="19.152299" lon="-98.635874"><ele>4542.430</ele><time>2026-06-27T20:33:17.009Z</time></trkpt><trkpt lat="19.152344" lon="-98.635881"><ele>4544.168</ele><time>2026-06-27T20:33:34.009Z</time></trkpt><trkpt lat="19.152389" lon="-98.635891"><ele>4546.461</ele><time>2026-06-27T20:33:53.009Z</time></trkpt><trkpt lat="19.152432" lon="-98.635914"><ele>4548.380</ele><time>2026-06-27T20:34:38.009Z</time></trkpt><trkpt lat="19.152478" lon="-98.635927"><ele>4549.688</ele><time>2026-06-27T20:34:47.009Z</time></trkpt><trkpt lat="19.152525" lon="-98.635935"><ele>4551.274</ele><time>2026-06-27T20:34:58.009Z</time></trkpt><trkpt lat="19.152572" lon="-98.635934"><ele>4552.756</ele><time>2026-06-27T20:35:17.009Z</time></trkpt><trkpt lat="19.152620" lon="-98.635938"><ele>4554.321</ele><time>2026-06-27T20:35:54.009Z</time></trkpt><trkpt lat="19.152668" lon="-98.635946"><ele>4555.909</ele><time>2026-06-27T20:36:03.009Z</time></trkpt><trkpt lat="19.152711" lon="-98.635968"><ele>4557.789</ele><time>2026-06-27T20:36:22.009Z</time></trkpt><trkpt lat="19.152756" lon="-98.635980"><ele>4559.134</ele><time>2026-06-27T20:36:41.009Z</time></trkpt><trkpt lat="19.152799" lon="-98.636004"><ele>4560.483</ele><time>2026-06-27T20:37:13.009Z</time></trkpt><trkpt lat="19.152840" lon="-98.636024"><ele>4562.169</ele><time>2026-06-27T20:37:23.009Z</time></trkpt><trkpt lat="19.152884" lon="-98.636044"><ele>4563.750</ele><time>2026-06-27T20:38:24.009Z</time></trkpt><trkpt lat="19.152929" lon="-98.636066"><ele>4565.178</ele><time>2026-06-27T20:38:35.009Z</time></trkpt><trkpt lat="19.152963" lon="-98.636100"><ele>4566.871</ele><time>2026-06-27T20:38:48.009Z</time></trkpt><trkpt lat="19.153001" lon="-98.636129"><ele>4568.180</ele><time>2026-06-27T20:39:16.009Z</time></trkpt><trkpt lat="19.153042" lon="-98.636154"><ele>4569.418</ele><time>2026-06-27T20:39:35.009Z</time></trkpt><trkpt lat="19.153082" lon="-98.636184"><ele>4571.658</ele><time>2026-06-27T20:39:58.009Z</time></trkpt><trkpt lat="19.153119" lon="-98.636216"><ele>4573.752</ele><time>2026-06-27T20:40:18.009Z</time></trkpt><trkpt lat="19.153162" lon="-98.636243"><ele>4575.917</ele><time>2026-06-27T20:41:22.009Z</time></trkpt><trkpt lat="19.153207" lon="-98.636267"><ele>4577.909</ele><time>2026-06-27T20:41:37.009Z</time></trkpt><trkpt lat="19.153248" lon="-98.636291"><ele>4580.027</ele><time>2026-06-27T20:41:59.009Z</time></trkpt><trkpt lat="19.153273" lon="-98.636337"><ele>4582.342</ele><time>2026-06-27T20:45:10.009Z</time></trkpt><trkpt lat="19.153318" lon="-98.636325"><ele>4584.341</ele><time>2026-06-27T20:48:53.008Z</time></trkpt><trkpt lat="19.153363" lon="-98.636337"><ele>4586.237</ele><time>2026-06-27T20:49:12.008Z</time></trkpt><trkpt lat="19.153406" lon="-98.636354"><ele>4587.498</ele><time>2026-06-27T20:49:29.008Z</time></trkpt><trkpt lat="19.153452" lon="-98.636356"><ele>4588.216</ele><time>2026-06-27T20:49:50.008Z</time></trkpt><trkpt lat="19.153500" lon="-98.636354"><ele>4589.269</ele><time>2026-06-27T20:50:10.008Z</time></trkpt><trkpt lat="19.153550" lon="-98.636363"><ele>4591.158</ele><time>2026-06-27T20:50:31.008Z</time></trkpt><trkpt lat="19.153599" lon="-98.636359"><ele>4593.226</ele><time>2026-06-27T20:50:53.008Z</time></trkpt><trkpt lat="19.153646" lon="-98.636354"><ele>4594.343</ele><time>2026-06-27T20:51:07.008Z</time></trkpt><trkpt lat="19.153691" lon="-98.636350"><ele>4596.564</ele><time>2026-06-27T20:51:23.008Z</time></trkpt><trkpt lat="19.153725" lon="-98.636382"><ele>4599.010</ele><time>2026-06-27T20:51:57.008Z</time></trkpt><trkpt lat="19.153772" lon="-98.636389"><ele>4600.309</ele><time>2026-06-27T20:52:11.008Z</time></trkpt><trkpt lat="19.153813" lon="-98.636362"><ele>4602.496</ele><time>2026-06-27T20:52:32.008Z</time></trkpt><trkpt lat="19.153863" lon="-98.636363"><ele>4604.731</ele><time>2026-06-27T20:52:51.008Z</time></trkpt><trkpt lat="19.153874" lon="-98.636409"><ele>4606.330</ele><time>2026-06-27T20:53:25.008Z</time></trkpt><trkpt lat="19.153919" lon="-98.636393"><ele>4607.846</ele><time>2026-06-27T20:53:40.008Z</time></trkpt><trkpt lat="19.153962" lon="-98.636375"><ele>4610.227</ele><time>2026-06-27T20:53:57.008Z</time></trkpt><trkpt lat="19.154009" lon="-98.636366"><ele>4612.535</ele><time>2026-06-27T20:54:43.008Z</time></trkpt><trkpt lat="19.154055" lon="-98.636361"><ele>4614.028</ele><time>2026-06-27T20:55:01.008Z</time></trkpt><trkpt lat="19.154100" lon="-98.636357"><ele>4615.877</ele><time>2026-06-27T20:55:49.008Z</time></trkpt><trkpt lat="19.154137" lon="-98.636389"><ele>4617.485</ele><time>2026-06-27T21:00:07.009Z</time></trkpt><trkpt lat="19.154179" lon="-98.636408"><ele>4618.862</ele><time>2026-06-27T21:03:25.009Z</time></trkpt><trkpt lat="19.154199" lon="-98.636451"><ele>4620.883</ele><time>2026-06-27T21:03:46.009Z</time></trkpt><trkpt lat="19.154189" lon="-98.636499"><ele>4622.911</ele><time>2026-06-27T21:04:27.009Z</time></trkpt><trkpt lat="19.154159" lon="-98.636537"><ele>4623.909</ele><time>2026-06-27T21:04:53.009Z</time></trkpt><trkpt lat="19.154165" lon="-98.636588"><ele>4626.448</ele><time>2026-06-27T21:05:18.009Z</time></trkpt><trkpt lat="19.154210" lon="-98.636613"><ele>4629.963</ele><time>2026-06-27T21:06:34.009Z</time></trkpt><trkpt lat="19.154215" lon="-98.636660"><ele>4631.772</ele><time>2026-06-27T21:07:30.009Z</time></trkpt><trkpt lat="19.154215" lon="-98.636709"><ele>4634.988</ele><time>2026-06-27T21:08:15.009Z</time></trkpt><trkpt lat="19.154262" lon="-98.636713"><ele>4638.369</ele><time>2026-06-27T21:08:45.009Z</time></trkpt><trkpt lat="19.154300" lon="-98.636741"><ele>4640.817</ele><time>2026-06-27T21:09:02.009Z</time></trkpt><trkpt lat="19.154321" lon="-98.636785"><ele>4643.510</ele><time>2026-06-27T21:13:13.009Z</time></trkpt><trkpt lat="19.154339" lon="-98.636835"><ele>4645.349</ele><time>2026-06-27T21:14:32.009Z</time></trkpt><trkpt lat="19.154367" lon="-98.636875"><ele>4648.057</ele><time>2026-06-27T21:14:39.009Z</time></trkpt><trkpt lat="19.154390" lon="-98.636923"><ele>4650.281</ele><time>2026-06-27T21:14:49.009Z</time></trkpt><trkpt lat="19.154419" lon="-98.636964"><ele>4650.461</ele><time>2026-06-27T21:15:00.009Z</time></trkpt><trkpt lat="19.154450" lon="-98.637000"><ele>4650.817</ele><time>2026-06-27T21:15:12.009Z</time></trkpt><trkpt lat="19.154478" lon="-98.637046"><ele>4652.009</ele><time>2026-06-27T21:15:29.009Z</time></trkpt><trkpt lat="19.154493" lon="-98.637097"><ele>4653.430</ele><time>2026-06-27T21:15:54.009Z</time></trkpt><trkpt lat="19.154532" lon="-98.637123"><ele>4654.395</ele><time>2026-06-27T21:16:11.009Z</time></trkpt><trkpt lat="19.154540" lon="-98.637170"><ele>4656.744</ele><time>2026-06-27T21:16:38.009Z</time></trkpt><trkpt lat="19.154574" lon="-98.637204"><ele>4659.390</ele><time>2026-06-27T21:17:24.009Z</time></trkpt><trkpt lat="19.154599" lon="-98.637244"><ele>4661.671</ele><time>2026-06-27T21:18:04.009Z</time></trkpt><trkpt lat="19.154632" lon="-98.637286"><ele>4664.429</ele><time>2026-06-27T21:18:32.009Z</time></trkpt><trkpt lat="19.154602" lon="-98.637324"><ele>4667.572</ele><time>2026-06-27T21:19:00.009Z</time></trkpt><trkpt lat="19.154593" lon="-98.637371"><ele>4671.281</ele><time>2026-06-27T21:19:44.009Z</time></trkpt><trkpt lat="19.154606" lon="-98.637419"><ele>4673.469</ele><time>2026-06-27T21:20:13.009Z</time></trkpt><trkpt lat="19.154637" lon="-98.637454"><ele>4675.324</ele><time>2026-06-27T21:21:07.009Z</time></trkpt><trkpt lat="19.154678" lon="-98.637475"><ele>4678.404</ele><time>2026-06-27T21:21:19.009Z</time></trkpt><trkpt lat="19.154705" lon="-98.637513"><ele>4681.914</ele><time>2026-06-27T21:25:18.010Z</time></trkpt><trkpt lat="19.154752" lon="-98.637533"><ele>4684.509</ele><time>2026-06-27T21:25:35.010Z</time></trkpt><trkpt lat="19.154797" lon="-98.637516"><ele>4686.054</ele><time>2026-06-27T21:25:52.010Z</time></trkpt><trkpt lat="19.154843" lon="-98.637528"><ele>4687.579</ele><time>2026-06-27T21:26:16.010Z</time></trkpt><trkpt lat="19.154881" lon="-98.637498"><ele>4689.098</ele><time>2026-06-27T21:26:49.010Z</time></trkpt><trkpt lat="19.154925" lon="-98.637512"><ele>4690.874</ele><time>2026-06-27T21:27:08.010Z</time></trkpt><trkpt lat="19.154966" lon="-98.637546"><ele>4693.395</ele><time>2026-06-27T21:27:29.010Z</time></trkpt><trkpt lat="19.155011" lon="-98.637551"><ele>4695.933</ele><time>2026-06-27T21:27:36.010Z</time></trkpt><trkpt lat="19.155044" lon="-98.637593"><ele>4697.786</ele><time>2026-06-27T21:27:49.010Z</time></trkpt><trkpt lat="19.155090" lon="-98.637606"><ele>4698.825</ele><time>2026-06-27T21:28:11.010Z</time></trkpt><trkpt lat="19.155134" lon="-98.637593"><ele>4699.883</ele><time>2026-06-27T21:28:18.010Z</time></trkpt><trkpt lat="19.155173" lon="-98.637565"><ele>4700.655</ele><time>2026-06-27T21:29:16.010Z</time></trkpt><trkpt lat="19.155218" lon="-98.637559"><ele>4701.207</ele><time>2026-06-27T21:29:26.010Z</time></trkpt><trkpt lat="19.155257" lon="-98.637526"><ele>4702.717</ele><time>2026-06-27T21:29:44.010Z</time></trkpt><trkpt lat="19.155301" lon="-98.637504"><ele>4704.309</ele><time>2026-06-27T21:30:09.010Z</time></trkpt><trkpt lat="19.155346" lon="-98.637491"><ele>4705.777</ele><time>2026-06-27T21:30:34.010Z</time></trkpt><trkpt lat="19.155378" lon="-98.637454"><ele>4707.542</ele><time>2026-06-27T21:31:43.010Z</time></trkpt><trkpt lat="19.155422" lon="-98.637467"><ele>4709.291</ele><time>2026-06-27T21:31:50.010Z</time></trkpt><trkpt lat="19.155462" lon="-98.637442"><ele>4711.257</ele><time>2026-06-27T21:32:00.010Z</time></trkpt><trkpt lat="19.155507" lon="-98.637429"><ele>4712.698</ele><time>2026-06-27T21:32:10.010Z</time></trkpt><trkpt lat="19.155550" lon="-98.637411"><ele>4713.636</ele><time>2026-06-27T21:32:24.010Z</time></trkpt><trkpt lat="19.155603" lon="-98.637398"><ele>4714.969</ele><time>2026-06-27T21:32:33.010Z</time></trkpt><trkpt lat="19.155658" lon="-98.637389"><ele>4715.348</ele><time>2026-06-27T21:32:43.010Z</time></trkpt><trkpt lat="19.155706" lon="-98.637378"><ele>4715.316</ele><time>2026-06-27T21:32:53.010Z</time></trkpt><trkpt lat="19.155754" lon="-98.637359"><ele>4715.374</ele><time>2026-06-27T21:33:24.010Z</time></trkpt><trkpt lat="19.155801" lon="-98.637348"><ele>4714.856</ele><time>2026-06-27T21:33:30.010Z</time></trkpt><trkpt lat="19.155842" lon="-98.637326"><ele>4713.721</ele><time>2026-06-27T21:34:31.010Z</time></trkpt><trkpt lat="19.155884" lon="-98.637300"><ele>4713.009</ele><time>2026-06-27T21:35:09.010Z</time></trkpt><trkpt lat="19.155923" lon="-98.637274"><ele>4712.839</ele><time>2026-06-27T21:35:39.010Z</time></trkpt><trkpt lat="19.155966" lon="-98.637242"><ele>4712.644</ele><time>2026-06-27T21:36:31.010Z</time></trkpt><trkpt lat="19.156011" lon="-98.637256"><ele>4711.753</ele><time>2026-06-27T21:36:42.010Z</time></trkpt><trkpt lat="19.156054" lon="-98.637230"><ele>4710.929</ele><time>2026-06-27T21:36:52.010Z</time></trkpt><trkpt lat="19.156101" lon="-98.637215"><ele>4710.160</ele><time>2026-06-27T21:37:02.010Z</time></trkpt><trkpt lat="19.156142" lon="-98.637190"><ele>4708.778</ele><time>2026-06-27T21:37:08.010Z</time></trkpt><trkpt lat="19.156185" lon="-98.637156"><ele>4707.431</ele><time>2026-06-27T21:38:07.010Z</time></trkpt><trkpt lat="19.156222" lon="-98.637125"><ele>4706.920</ele><time>2026-06-27T21:38:14.010Z</time></trkpt><trkpt lat="19.156261" lon="-98.637093"><ele>4706.728</ele><time>2026-06-27T21:38:21.010Z</time></trkpt><trkpt lat="19.156307" lon="-98.637077"><ele>4706.338</ele><time>2026-06-27T21:38:28.010Z</time></trkpt><trkpt lat="19.156355" lon="-98.637081"><ele>4705.570</ele><time>2026-06-27T21:38:36.010Z</time></trkpt><trkpt lat="19.156402" lon="-98.637087"><ele>4704.117</ele><time>2026-06-27T21:38:51.010Z</time></trkpt><trkpt lat="19.156448" lon="-98.637097"><ele>4703.209</ele><time>2026-06-27T21:39:02.010Z</time></trkpt><trkpt lat="19.156495" lon="-98.637101"><ele>4702.425</ele><time>2026-06-27T21:39:18.010Z</time></trkpt><trkpt lat="19.156541" lon="-98.637126"><ele>4701.720</ele><time>2026-06-27T21:40:15.010Z</time></trkpt><trkpt lat="19.156595" lon="-98.637125"><ele>4700.679</ele><time>2026-06-27T21:40:20.010Z</time></trkpt><trkpt lat="19.156638" lon="-98.637151"><ele>4698.525</ele><time>2026-06-27T21:40:24.010Z</time></trkpt><trkpt lat="19.156691" lon="-98.637121"><ele>4697.286</ele><time>2026-06-27T21:41:37.010Z</time></trkpt><trkpt lat="19.156731" lon="-98.637154"><ele>4696.274</ele><time>2026-06-27T21:41:59.010Z</time></trkpt><trkpt lat="19.156774" lon="-98.637124"><ele>4695.487</ele><time>2026-06-27T21:42:17.010Z</time></trkpt><trkpt lat="19.156821" lon="-98.637129"><ele>4694.116</ele><time>2026-06-27T21:42:36.010Z</time></trkpt><trkpt lat="19.156863" lon="-98.637154"><ele>4692.714</ele><time>2026-06-27T21:43:11.010Z</time></trkpt><trkpt lat="19.156897" lon="-98.637196"><ele>4692.215</ele><time>2026-06-27T21:43:15.010Z</time></trkpt><trkpt lat="19.156859" lon="-98.637225"><ele>4691.365</ele><time>2026-06-27T21:43:27.010Z</time></trkpt><trkpt lat="19.156841" lon="-98.637179"><ele>4691.311</ele><time>2026-06-28T10:18:44.010Z</time></trkpt><trkpt lat="19.156801" lon="-98.637150"><ele>4691.409</ele><time>2026-06-28T10:18:56.010Z</time></trkpt><trkpt lat="19.156813" lon="-98.637093"><ele>4691.483</ele><time>2026-06-28T10:19:40.010Z</time></trkpt><trkpt lat="19.156831" lon="-98.637045"><ele>4693.028</ele><time>2026-06-28T10:19:57.010Z</time></trkpt><trkpt lat="19.156853" lon="-98.636997"><ele>4694.487</ele><time>2026-06-28T10:20:11.010Z</time></trkpt><trkpt lat="19.156879" lon="-98.636958"><ele>4695.043</ele><time>2026-06-28T10:20:22.010Z</time></trkpt><trkpt lat="19.156921" lon="-98.636940"><ele>4695.584</ele><time>2026-06-28T10:20:30.010Z</time></trkpt><trkpt lat="19.156952" lon="-98.636905"><ele>4696.652</ele><time>2026-06-28T10:20:56.010Z</time></trkpt><trkpt lat="19.156995" lon="-98.636882"><ele>4697.585</ele><time>2026-06-28T10:21:57.010Z</time></trkpt><trkpt lat="19.157047" lon="-98.636864"><ele>4698.274</ele><time>2026-06-28T10:22:12.010Z</time></trkpt><trkpt lat="19.157096" lon="-98.636855"><ele>4699.052</ele><time>2026-06-28T10:22:21.010Z</time></trkpt><trkpt lat="19.157146" lon="-98.636854"><ele>4700.099</ele><time>2026-06-28T10:22:25.010Z</time></trkpt><trkpt lat="19.157184" lon="-98.636887"><ele>4700.307</ele><time>2026-06-28T10:22:37.010Z</time></trkpt><trkpt lat="19.157234" lon="-98.636893"><ele>4700.727</ele><time>2026-06-28T10:22:49.010Z</time></trkpt><trkpt lat="19.157279" lon="-98.636907"><ele>4700.809</ele><time>2026-06-28T10:22:57.010Z</time></trkpt><trkpt lat="19.157327" lon="-98.636890"><ele>4700.821</ele><time>2026-06-28T10:23:12.010Z</time></trkpt><trkpt lat="19.157372" lon="-98.636903"><ele>4701.276</ele><time>2026-06-28T10:23:23.010Z</time></trkpt><trkpt lat="19.157418" lon="-98.636913"><ele>4702.185</ele><time>2026-06-28T10:23:33.010Z</time></trkpt><trkpt lat="19.157467" lon="-98.636909"><ele>4703.171</ele><time>2026-06-28T10:23:47.010Z</time></trkpt><trkpt lat="19.157511" lon="-98.636923"><ele>4704.032</ele><time>2026-06-28T10:23:59.010Z</time></trkpt><trkpt lat="19.157558" lon="-98.636939"><ele>4704.970</ele><time>2026-06-28T10:24:14.010Z</time></trkpt><trkpt lat="19.157606" lon="-98.636946"><ele>4705.973</ele><time>2026-06-28T10:24:31.010Z</time></trkpt><trkpt lat="19.157649" lon="-98.636930"><ele>4707.032</ele><time>2026-06-28T10:24:47.010Z</time></trkpt><trkpt lat="19.157695" lon="-98.636936"><ele>4708.470</ele><time>2026-06-28T10:25:05.010Z</time></trkpt><trkpt lat="19.157742" lon="-98.636928"><ele>4710.028</ele><time>2026-06-28T10:25:25.010Z</time></trkpt><trkpt lat="19.157793" lon="-98.636925"><ele>4711.689</ele><time>2026-06-28T10:25:55.010Z</time></trkpt><trkpt lat="19.157847" lon="-98.636914"><ele>4713.217</ele><time>2026-06-28T10:26:38.010Z</time></trkpt><trkpt lat="19.157886" lon="-98.636945"><ele>4714.909</ele><time>2026-06-28T10:27:09.011Z</time></trkpt><trkpt lat="19.157939" lon="-98.636960"><ele>4716.684</ele><time>2026-06-28T10:27:19.011Z</time></trkpt><trkpt lat="19.157988" lon="-98.636962"><ele>4718.579</ele><time>2026-06-28T10:27:46.011Z</time></trkpt><trkpt lat="19.158035" lon="-98.636961"><ele>4720.168</ele><time>2026-06-28T10:28:19.011Z</time></trkpt><trkpt lat="19.158076" lon="-98.636981"><ele>4721.724</ele><time>2026-06-28T10:28:37.011Z</time></trkpt><trkpt lat="19.158109" lon="-98.636945"><ele>4723.975</ele><time>2026-06-28T10:28:59.011Z</time></trkpt><trkpt lat="19.158146" lon="-98.636915"><ele>4725.863</ele><time>2026-06-28T10:29:28.011Z</time></trkpt><trkpt lat="19.158185" lon="-98.636888"><ele>4727.486</ele><time>2026-06-28T10:29:52.011Z</time></trkpt><trkpt lat="19.158192" lon="-98.636839"><ele>4729.575</ele><time>2026-06-28T10:30:08.011Z</time></trkpt><trkpt lat="19.158225" lon="-98.636803"><ele>4731.943</ele><time>2026-06-28T10:30:37.011Z</time></trkpt><trkpt lat="19.158272" lon="-98.636795"><ele>4733.965</ele><time>2026-06-28T10:30:59.011Z</time></trkpt><trkpt lat="19.158297" lon="-98.636753"><ele>4736.068</ele><time>2026-06-28T10:31:23.011Z</time></trkpt><trkpt lat="19.158340" lon="-98.636738"><ele>4738.114</ele><time>2026-06-28T10:31:51.011Z</time></trkpt><trkpt lat="19.158347" lon="-98.636687"><ele>4740.109</ele><time>2026-06-28T10:32:05.011Z</time></trkpt><trkpt lat="19.158400" lon="-98.636707"><ele>4742.668</ele><time>2026-06-28T10:32:23.011Z</time></trkpt><trkpt lat="19.158438" lon="-98.636681"><ele>4744.513</ele><time>2026-06-28T10:32:58.011Z</time></trkpt><trkpt lat="19.158484" lon="-98.636677"><ele>4745.872</ele><time>2026-06-28T10:33:15.011Z</time></trkpt><trkpt lat="19.158531" lon="-98.636659"><ele>4748.188</ele><time>2026-06-28T10:33:42.011Z</time></trkpt><trkpt lat="19.158564" lon="-98.636623"><ele>4750.459</ele><time>2026-06-28T10:34:19.011Z</time></trkpt><trkpt lat="19.158611" lon="-98.636609"><ele>4752.637</ele><time>2026-06-28T10:34:49.012Z</time></trkpt><trkpt lat="19.158642" lon="-98.636573"><ele>4755.070</ele><time>2026-06-28T10:35:09.012Z</time></trkpt><trkpt lat="19.158647" lon="-98.636521"><ele>4757.749</ele><time>2026-06-28T10:35:36.012Z</time></trkpt><trkpt lat="19.158671" lon="-98.636562"><ele>4760.277</ele><time>2026-06-28T10:40:35.012Z</time></trkpt><trkpt lat="19.158714" lon="-98.636549"><ele>4761.976</ele><time>2026-06-28T10:41:02.012Z</time></trkpt><trkpt lat="19.158752" lon="-98.636519"><ele>4762.790</ele><time>2026-06-28T10:41:32.012Z</time></trkpt><trkpt lat="19.158798" lon="-98.636517"><ele>4764.319</ele><time>2026-06-28T10:42:05.012Z</time></trkpt><trkpt lat="19.158845" lon="-98.636514"><ele>4766.809</ele><time>2026-06-28T10:42:37.012Z</time></trkpt><trkpt lat="19.158881" lon="-98.636545"><ele>4769.239</ele><time>2026-06-28T10:42:57.012Z</time></trkpt><trkpt lat="19.158910" lon="-98.636507"><ele>4772.064</ele><time>2026-06-28T10:43:32.012Z</time></trkpt><trkpt lat="19.158949" lon="-98.636477"><ele>4774.263</ele><time>2026-06-28T10:44:22.012Z</time></trkpt><trkpt lat="19.158989" lon="-98.636443"><ele>4776.539</ele><time>2026-06-28T10:44:47.012Z</time></trkpt><trkpt lat="19.159033" lon="-98.636457"><ele>4779.260</ele><time>2026-06-28T10:49:43.012Z</time></trkpt><trkpt lat="19.159071" lon="-98.636485"><ele>4781.948</ele><time>2026-06-28T10:50:09.012Z</time></trkpt><trkpt lat="19.159112" lon="-98.636457"><ele>4784.941</ele><time>2026-06-28T10:51:18.012Z</time></trkpt><trkpt lat="19.159149" lon="-98.636485"><ele>4787.480</ele><time>2026-06-28T10:51:35.012Z</time></trkpt><trkpt lat="19.159193" lon="-98.636471"><ele>4789.748</ele><time>2026-06-28T10:52:12.013Z</time></trkpt><trkpt lat="19.159218" lon="-98.636431"><ele>4792.238</ele><time>2026-06-28T10:52:35.013Z</time></trkpt><trkpt lat="19.159242" lon="-98.636390"><ele>4794.770</ele><time>2026-06-28T10:53:07.013Z</time></trkpt><trkpt lat="19.159267" lon="-98.636341"><ele>4797.417</ele><time>2026-06-28T10:53:33.013Z</time></trkpt><trkpt lat="19.159266" lon="-98.636291"><ele>4799.909</ele><time>2026-06-28T10:54:10.013Z</time></trkpt><trkpt lat="19.159253" lon="-98.636243"><ele>4802.575</ele><time>2026-06-28T10:54:34.013Z</time></trkpt><trkpt lat="19.159247" lon="-98.636195"><ele>4805.410</ele><time>2026-06-28T10:54:54.013Z</time></trkpt><trkpt lat="19.159290" lon="-98.636170"><ele>4808.119</ele><time>2026-06-28T10:55:44.013Z</time></trkpt><trkpt lat="19.159334" lon="-98.636155"><ele>4810.465</ele><time>2026-06-28T10:56:07.013Z</time></trkpt><trkpt lat="19.159375" lon="-98.636136"><ele>4812.636</ele><time>2026-06-28T10:56:33.013Z</time></trkpt><trkpt lat="19.159421" lon="-98.636127"><ele>4814.634</ele><time>2026-06-28T10:57:08.013Z</time></trkpt><trkpt lat="19.159467" lon="-98.636103"><ele>4816.847</ele><time>2026-06-28T10:57:36.013Z</time></trkpt><trkpt lat="19.159513" lon="-98.636104"><ele>4819.046</ele><time>2026-06-28T10:58:05.013Z</time></trkpt><trkpt lat="19.159555" lon="-98.636125"><ele>4821.274</ele><time>2026-06-28T10:58:26.013Z</time></trkpt><trkpt lat="19.159593" lon="-98.636158"><ele>4823.979</ele><time>2026-06-28T10:58:49.013Z</time></trkpt><trkpt lat="19.159629" lon="-98.636186"><ele>4826.305</ele><time>2026-06-28T10:59:13.013Z</time></trkpt><trkpt lat="19.159667" lon="-98.636218"><ele>4828.425</ele><time>2026-06-28T10:59:38.013Z</time></trkpt><trkpt lat="19.159686" lon="-98.636172"><ele>4830.609</ele><time>2026-06-28T10:59:58.013Z</time></trkpt><trkpt lat="19.159687" lon="-98.636120"><ele>4832.739</ele><time>2026-06-28T11:00:21.013Z</time></trkpt><trkpt lat="19.159691" lon="-98.636072"><ele>4834.794</ele><time>2026-06-28T11:00:41.013Z</time></trkpt><trkpt lat="19.159733" lon="-98.636052"><ele>4836.553</ele><time>2026-06-28T11:01:05.013Z</time></trkpt><trkpt lat="19.159773" lon="-98.636077"><ele>4838.559</ele><time>2026-06-28T11:17:29.013Z</time></trkpt><trkpt lat="19.159808" lon="-98.636110"><ele>4840.720</ele><time>2026-06-28T11:17:49.013Z</time></trkpt><trkpt lat="19.159856" lon="-98.636102"><ele>4841.838</ele><time>2026-06-28T11:18:19.013Z</time></trkpt><trkpt lat="19.159897" lon="-98.636125"><ele>4842.531</ele><time>2026-06-28T11:18:51.013Z</time></trkpt><trkpt lat="19.159941" lon="-98.636136"><ele>4844.450</ele><time>2026-06-28T11:19:56.013Z</time></trkpt><trkpt lat="19.159959" lon="-98.636183"><ele>4847.158</ele><time>2026-06-28T11:23:52.013Z</time></trkpt><trkpt lat="19.159970" lon="-98.636231"><ele>4849.813</ele><time>2026-06-28T11:24:22.013Z</time></trkpt><trkpt lat="19.159993" lon="-98.636273"><ele>4852.543</ele><time>2026-06-28T11:25:10.013Z</time></trkpt><trkpt lat="19.160037" lon="-98.636287"><ele>4854.407</ele><time>2026-06-28T11:25:33.013Z</time></trkpt><trkpt lat="19.160070" lon="-98.636333"><ele>4856.109</ele><time>2026-06-28T11:25:54.013Z</time></trkpt><trkpt lat="19.160096" lon="-98.636286"><ele>4858.433</ele><time>2026-06-28T11:26:36.013Z</time></trkpt><trkpt lat="19.160102" lon="-98.636235"><ele>4860.698</ele><time>2026-06-28T11:27:00.013Z</time></trkpt><trkpt lat="19.160139" lon="-98.636206"><ele>4863.247</ele><time>2026-06-28T11:29:57.013Z</time></trkpt><trkpt lat="19.160187" lon="-98.636213"><ele>4865.933</ele><time>2026-06-28T11:33:07.013Z</time></trkpt><trkpt lat="19.160222" lon="-98.636181"><ele>4868.524</ele><time>2026-06-28T11:34:38.013Z</time></trkpt><trkpt lat="19.160247" lon="-98.636229"><ele>4871.012</ele><time>2026-06-28T11:35:54.013Z</time></trkpt><trkpt lat="19.160217" lon="-98.636267"><ele>4872.915</ele><time>2026-06-28T11:36:27.013Z</time></trkpt><trkpt lat="19.160258" lon="-98.636287"><ele>4874.424</ele><time>2026-06-28T11:42:38.014Z</time></trkpt><trkpt lat="19.160292" lon="-98.636337"><ele>4876.272</ele><time>2026-06-28T11:43:52.014Z</time></trkpt><trkpt lat="19.160332" lon="-98.636313"><ele>4880.144</ele><time>2026-06-28T11:46:22.014Z</time></trkpt><trkpt lat="19.160361" lon="-98.636274"><ele>4884.005</ele><time>2026-06-28T11:46:51.014Z</time></trkpt><trkpt lat="19.160408" lon="-98.636273"><ele>4887.915</ele><time>2026-06-28T11:47:20.014Z</time></trkpt><trkpt lat="19.160436" lon="-98.636312"><ele>4891.809</ele><time>2026-06-28T11:55:24.014Z</time></trkpt><trkpt lat="19.160453" lon="-98.636357"><ele>4893.966</ele><time>2026-06-28T11:56:19.014Z</time></trkpt><trkpt lat="19.160424" lon="-98.636394"><ele>4896.751</ele><time>2026-06-28T11:57:06.014Z</time></trkpt><trkpt lat="19.160440" lon="-98.636441"><ele>4897.870</ele><time>2026-06-28T12:02:27.013Z</time></trkpt><trkpt lat="19.160446" lon="-98.636488"><ele>4898.196</ele><time>2026-06-28T12:02:44.013Z</time></trkpt><trkpt lat="19.160477" lon="-98.636525"><ele>4898.417</ele><time>2026-06-28T12:03:00.013Z</time></trkpt><trkpt lat="19.160520" lon="-98.636543"><ele>4898.665</ele><time>2026-06-28T12:03:50.013Z</time></trkpt><trkpt lat="19.160567" lon="-98.636556"><ele>4898.618</ele><time>2026-06-28T12:04:16.013Z</time></trkpt><trkpt lat="19.160611" lon="-98.636579"><ele>4900.477</ele><time>2026-06-28T12:04:50.013Z</time></trkpt><trkpt lat="19.160657" lon="-98.636592"><ele>4903.245</ele><time>2026-06-28T12:05:19.013Z</time></trkpt><trkpt lat="19.160686" lon="-98.636629"><ele>4905.976</ele><time>2026-06-28T12:05:41.013Z</time></trkpt><trkpt lat="19.160726" lon="-98.636603"><ele>4908.690</ele><time>2026-06-28T12:06:46.013Z</time></trkpt><trkpt lat="19.160767" lon="-98.636625"><ele>4910.819</ele><time>2026-06-28T12:07:45.013Z</time></trkpt><trkpt lat="19.160813" lon="-98.636624"><ele>4913.409</ele><time>2026-06-28T12:08:04.013Z</time></trkpt><trkpt lat="19.160850" lon="-98.636594"><ele>4916.579</ele><time>2026-06-28T12:09:25.014Z</time></trkpt><trkpt lat="19.160868" lon="-98.636549"><ele>4919.244</ele><time>2026-06-28T12:10:36.014Z</time></trkpt><trkpt lat="19.160904" lon="-98.636517"><ele>4922.753</ele><time>2026-06-28T12:11:06.014Z</time></trkpt><trkpt lat="19.160943" lon="-98.636546"><ele>4926.599</ele><time>2026-06-28T12:12:21.014Z</time></trkpt><trkpt lat="19.160976" lon="-98.636578"><ele>4929.280</ele><time>2026-06-28T12:12:39.014Z</time></trkpt><trkpt lat="19.161019" lon="-98.636561"><ele>4931.688</ele><time>2026-06-28T12:14:09.014Z</time></trkpt><trkpt lat="19.161035" lon="-98.636516"><ele>4934.021</ele><time>2026-06-28T12:14:43.014Z</time></trkpt><trkpt lat="19.161082" lon="-98.636496"><ele>4937.250</ele><time>2026-06-28T12:15:10.014Z</time></trkpt><trkpt lat="19.161103" lon="-98.636540"><ele>4940.518</ele><time>2026-06-28T12:15:57.014Z</time></trkpt><trkpt lat="19.161148" lon="-98.636560"><ele>4942.966</ele><time>2026-06-28T12:16:35.014Z</time></trkpt><trkpt lat="19.161191" lon="-98.636586"><ele>4944.929</ele><time>2026-06-28T12:20:04.014Z</time></trkpt><trkpt lat="19.161238" lon="-98.636570"><ele>4947.321</ele><time>2026-06-28T12:20:41.014Z</time></trkpt><trkpt lat="19.161282" lon="-98.636585"><ele>4949.909</ele><time>2026-06-28T12:20:55.014Z</time></trkpt><trkpt lat="19.161327" lon="-98.636605"><ele>4952.318</ele><time>2026-06-28T12:21:25.014Z</time></trkpt><trkpt lat="19.161370" lon="-98.636631"><ele>4954.383</ele><time>2026-06-28T12:21:43.014Z</time></trkpt><trkpt lat="19.161414" lon="-98.636612"><ele>4955.842</ele><time>2026-06-28T12:22:20.014Z</time></trkpt><trkpt lat="19.161443" lon="-98.636650"><ele>4957.648</ele><time>2026-06-28T12:22:36.014Z</time></trkpt><trkpt lat="19.161490" lon="-98.636650"><ele>4960.139</ele><time>2026-06-28T12:23:35.014Z</time></trkpt><trkpt lat="19.161532" lon="-98.636672"><ele>4962.387</ele><time>2026-06-28T12:24:40.014Z</time></trkpt><trkpt lat="19.161579" lon="-98.636682"><ele>4964.430</ele><time>2026-06-28T12:25:14.014Z</time></trkpt><trkpt lat="19.161627" lon="-98.636685"><ele>4966.839</ele><time>2026-06-28T12:25:36.014Z</time></trkpt><trkpt lat="19.161673" lon="-98.636715"><ele>4968.947</ele><time>2026-06-28T12:26:16.014Z</time></trkpt><trkpt lat="19.161713" lon="-98.636747"><ele>4971.075</ele><time>2026-06-28T12:26:44.014Z</time></trkpt><trkpt lat="19.161759" lon="-98.636750"><ele>4973.228</ele><time>2026-06-28T12:26:55.014Z</time></trkpt><trkpt lat="19.161807" lon="-98.636757"><ele>4975.020</ele><time>2026-06-28T12:27:18.014Z</time></trkpt><trkpt lat="19.161845" lon="-98.636784"><ele>4976.509</ele><time>2026-06-28T12:27:40.014Z</time></trkpt><trkpt lat="19.161883" lon="-98.636816"><ele>4978.629</ele><time>2026-06-28T12:28:49.014Z</time></trkpt><trkpt lat="19.161929" lon="-98.636819"><ele>4980.874</ele><time>2026-06-28T12:29:08.014Z</time></trkpt><trkpt lat="19.161948" lon="-98.636775"><ele>4982.333</ele><time>2026-06-28T12:29:26.014Z</time></trkpt><trkpt lat="19.161993" lon="-98.636776"><ele>4983.869</ele><time>2026-06-28T12:29:51.014Z</time></trkpt><trkpt lat="19.162040" lon="-98.636788"><ele>4985.620</ele><time>2026-06-28T12:30:15.014Z</time></trkpt><trkpt lat="19.162088" lon="-98.636800"><ele>4987.518</ele><time>2026-06-28T12:30:53.014Z</time></trkpt><trkpt lat="19.162128" lon="-98.636824"><ele>4989.711</ele><time>2026-06-28T12:31:05.014Z</time></trkpt><trkpt lat="19.162152" lon="-98.636864"><ele>4991.830</ele><time>2026-06-28T12:31:24.014Z</time></trkpt><trkpt lat="19.162193" lon="-98.636891"><ele>4993.798</ele><time>2026-06-28T12:31:42.014Z</time></trkpt><trkpt lat="19.162238" lon="-98.636909"><ele>4995.651</ele><time>2026-06-28T12:32:09.014Z</time></trkpt><trkpt lat="19.162283" lon="-98.636921"><ele>4997.401</ele><time>2026-06-28T12:32:26.014Z</time></trkpt><trkpt lat="19.162320" lon="-98.636958"><ele>4999.811</ele><time>2026-06-28T12:32:49.014Z</time></trkpt><trkpt lat="19.162345" lon="-98.637000"><ele>5002.209</ele><time>2026-06-28T12:33:05.014Z</time></trkpt><trkpt lat="19.162366" lon="-98.637049"><ele>5004.277</ele><time>2026-06-28T12:33:47.015Z</time></trkpt><trkpt lat="19.162392" lon="-98.637088"><ele>5006.012</ele><time>2026-06-28T12:34:44.015Z</time></trkpt><trkpt lat="19.162156" lon="-98.636854"><ele>4991.391</ele><time>2026-06-28T13:44:31.014Z</time></trkpt><trkpt lat="19.162122" lon="-98.636820"><ele>4990.487</ele><time>2026-06-28T13:44:52.014Z</time></trkpt><trkpt lat="19.162076" lon="-98.636806"><ele>4989.578</ele><time>2026-06-28T13:45:03.014Z</time></trkpt><trkpt lat="19.162037" lon="-98.636775"><ele>4988.656</ele><time>2026-06-28T13:45:16.014Z</time></trkpt><trkpt lat="19.162008" lon="-98.636814"><ele>4987.789</ele><time>2026-06-28T13:46:06.014Z</time></trkpt><trkpt lat="19.161962" lon="-98.636794"><ele>4986.638</ele><time>2026-06-28T13:46:35.014Z</time></trkpt><trkpt lat="19.161932" lon="-98.636832"><ele>4984.556</ele><time>2026-06-28T13:47:39.014Z</time></trkpt><trkpt lat="19.161884" lon="-98.636808"><ele>4982.353</ele><time>2026-06-28T13:47:49.014Z</time></trkpt><trkpt lat="19.161848" lon="-98.636777"><ele>4980.304</ele><time>2026-06-28T13:47:56.014Z</time></trkpt><trkpt lat="19.161805" lon="-98.636754"><ele>4978.614</ele><time>2026-06-28T13:48:06.014Z</time></trkpt><trkpt lat="19.161757" lon="-98.636757"><ele>4977.109</ele><time>2026-06-28T13:48:21.014Z</time></trkpt><trkpt lat="19.161719" lon="-98.636728"><ele>4975.327</ele><time>2026-06-28T13:48:30.014Z</time></trkpt><trkpt lat="19.161680" lon="-98.636704"><ele>4973.072</ele><time>2026-06-28T13:50:53.015Z</time></trkpt><trkpt lat="19.161639" lon="-98.636683"><ele>4971.041</ele><time>2026-06-28T13:51:07.015Z</time></trkpt><trkpt lat="19.161590" lon="-98.636683"><ele>4969.477</ele><time>2026-06-28T13:51:44.015Z</time></trkpt><trkpt lat="19.161546" lon="-98.636705"><ele>4967.978</ele><time>2026-06-28T13:52:36.015Z</time></trkpt><trkpt lat="19.161499" lon="-98.636704"><ele>4965.526</ele><time>2026-06-28T13:52:50.015Z</time></trkpt><trkpt lat="19.161450" lon="-98.636691"><ele>4962.569</ele><time>2026-06-28T13:53:02.015Z</time></trkpt><trkpt lat="19.161411" lon="-98.636660"><ele>4959.858</ele><time>2026-06-28T13:54:03.015Z</time></trkpt><trkpt lat="19.161373" lon="-98.636632"><ele>4957.376</ele><time>2026-06-28T13:54:32.015Z</time></trkpt><trkpt lat="19.161334" lon="-98.636606"><ele>4954.849</ele><time>2026-06-28T13:55:17.015Z</time></trkpt><trkpt lat="19.161289" lon="-98.636586"><ele>4952.802</ele><time>2026-06-28T13:56:15.015Z</time></trkpt><trkpt lat="19.161242" lon="-98.636580"><ele>4951.422</ele><time>2026-06-28T13:57:04.015Z</time></trkpt><trkpt lat="19.161194" lon="-98.636575"><ele>4949.709</ele><time>2026-06-28T13:57:38.015Z</time></trkpt><trkpt lat="19.161150" lon="-98.636560"><ele>4947.896</ele><time>2026-06-28T13:57:52.015Z</time></trkpt><trkpt lat="19.161119" lon="-98.636521"><ele>4945.611</ele><time>2026-06-28T13:59:02.015Z</time></trkpt><trkpt lat="19.161078" lon="-98.636497"><ele>4943.210</ele><time>2026-06-28T13:59:32.015Z</time></trkpt><trkpt lat="19.161044" lon="-98.636533"><ele>4940.816</ele><time>2026-06-28T14:00:08.015Z</time></trkpt><trkpt lat="19.161026" lon="-98.636577"><ele>4938.157</ele><time>2026-06-28T14:00:58.015Z</time></trkpt><trkpt lat="19.160980" lon="-98.636565"><ele>4935.325</ele><time>2026-06-28T14:01:42.015Z</time></trkpt><trkpt lat="19.160937" lon="-98.636542"><ele>4932.478</ele><time>2026-06-28T14:03:35.015Z</time></trkpt><trkpt lat="19.160892" lon="-98.636527"><ele>4929.677</ele><time>2026-06-28T14:04:09.015Z</time></trkpt><trkpt lat="19.160858" lon="-98.636491"><ele>4926.945</ele><time>2026-06-28T14:04:26.015Z</time></trkpt><trkpt lat="19.160829" lon="-98.636452"><ele>4924.826</ele><time>2026-06-28T14:05:03.015Z</time></trkpt><trkpt lat="19.160829" lon="-98.636404"><ele>4923.247</ele><time>2026-06-28T14:06:23.015Z</time></trkpt><trkpt lat="19.160824" lon="-98.636354"><ele>4922.211</ele><time>2026-06-28T14:08:12.015Z</time></trkpt><trkpt lat="19.160778" lon="-98.636353"><ele>4921.409</ele><time>2026-06-28T14:09:16.015Z</time></trkpt><trkpt lat="19.160739" lon="-98.636329"><ele>4918.964</ele><time>2026-06-28T14:10:04.015Z</time></trkpt><trkpt lat="19.160692" lon="-98.636327"><ele>4915.289</ele><time>2026-06-28T14:11:20.015Z</time></trkpt><trkpt lat="19.160660" lon="-98.636294"><ele>4912.058</ele><time>2026-06-28T14:14:35.015Z</time></trkpt><trkpt lat="19.160614" lon="-98.636288"><ele>4909.384</ele><time>2026-06-28T14:15:09.016Z</time></trkpt><trkpt lat="19.160570" lon="-98.636318"><ele>4906.225</ele><time>2026-06-28T14:15:52.016Z</time></trkpt><trkpt lat="19.160558" lon="-98.636368"><ele>4903.713</ele><time>2026-06-28T14:17:03.016Z</time></trkpt><trkpt lat="19.160530" lon="-98.636406"><ele>4902.226</ele><time>2026-06-28T14:17:38.016Z</time></trkpt><trkpt lat="19.160486" lon="-98.636389"><ele>4900.415</ele><time>2026-06-28T14:17:57.016Z</time></trkpt><trkpt lat="19.160457" lon="-98.636352"><ele>4898.473</ele><time>2026-06-28T14:18:41.016Z</time></trkpt><trkpt lat="19.160424" lon="-98.636318"><ele>4895.939</ele><time>2026-06-28T14:19:29.016Z</time></trkpt><trkpt lat="19.160406" lon="-98.636274"><ele>4893.101</ele><time>2026-06-28T14:19:58.016Z</time></trkpt><trkpt lat="19.160371" lon="-98.636241"><ele>4891.121</ele><time>2026-06-28T14:20:53.016Z</time></trkpt><trkpt lat="19.160357" lon="-98.636290"><ele>4889.509</ele><time>2026-06-28T14:21:41.016Z</time></trkpt><trkpt lat="19.160348" lon="-98.636338"><ele>4887.395</ele><time>2026-06-28T14:22:11.016Z</time></trkpt><trkpt lat="19.160302" lon="-98.636338"><ele>4884.830</ele><time>2026-06-28T14:23:27.016Z</time></trkpt><trkpt lat="19.160255" lon="-98.636340"><ele>4882.779</ele><time>2026-06-28T14:24:35.016Z</time></trkpt><trkpt lat="19.160223" lon="-98.636300"><ele>4879.525</ele><time>2026-06-28T14:26:05.016Z</time></trkpt><trkpt lat="19.160236" lon="-98.636254"><ele>4876.156</ele><time>2026-06-28T14:27:24.016Z</time></trkpt><trkpt lat="19.160235" lon="-98.636198"><ele>4873.934</ele><time>2026-06-28T14:29:21.016Z</time></trkpt><trkpt lat="19.160190" lon="-98.636213"><ele>4872.117</ele><time>2026-06-28T14:30:27.016Z</time></trkpt><trkpt lat="19.160143" lon="-98.636224"><ele>4869.336</ele><time>2026-06-28T14:30:41.016Z</time></trkpt><trkpt lat="19.160110" lon="-98.636263"><ele>4865.634</ele><time>2026-06-28T14:34:48.016Z</time></trkpt><trkpt lat="19.160099" lon="-98.636315"><ele>4863.082</ele><time>2026-06-28T14:35:06.016Z</time></trkpt><trkpt lat="19.160055" lon="-98.636301"><ele>4860.543</ele><time>2026-06-28T14:35:52.016Z</time></trkpt><trkpt lat="19.160005" lon="-98.636297"><ele>4858.017</ele><time>2026-06-28T14:36:46.016Z</time></trkpt><trkpt lat="19.159991" lon="-98.636252"><ele>4854.909</ele><time>2026-06-28T14:36:59.016Z</time></trkpt><trkpt lat="19.159952" lon="-98.636228"><ele>4851.630</ele><time>2026-06-28T14:38:06.016Z</time></trkpt><trkpt lat="19.159919" lon="-98.636190"><ele>4849.715</ele><time>2026-06-28T14:38:44.016Z</time></trkpt><trkpt lat="19.159884" lon="-98.636159"><ele>4847.434</ele><time>2026-06-28T14:39:59.016Z</time></trkpt><trkpt lat="19.159859" lon="-98.636116"><ele>4845.070</ele><time>2026-06-28T14:40:35.017Z</time></trkpt><trkpt lat="19.159815" lon="-98.636101"><ele>4842.181</ele><time>2026-06-28T14:41:15.017Z</time></trkpt><trkpt lat="19.159773" lon="-98.636075"><ele>4839.569</ele><time>2026-06-28T14:41:22.017Z</time></trkpt><trkpt lat="19.159724" lon="-98.636080"><ele>4837.452</ele><time>2026-06-28T14:42:59.017Z</time></trkpt><trkpt lat="19.159690" lon="-98.636117"><ele>4835.291</ele><time>2026-06-28T14:43:17.017Z</time></trkpt><trkpt lat="19.159711" lon="-98.636160"><ele>4833.449</ele><time>2026-06-28T14:43:29.017Z</time></trkpt><trkpt lat="19.159685" lon="-98.636200"><ele>4830.889</ele><time>2026-06-28T14:43:40.017Z</time></trkpt><trkpt lat="19.159636" lon="-98.636203"><ele>4828.306</ele><time>2026-06-28T14:44:27.017Z</time></trkpt><trkpt lat="19.159605" lon="-98.636167"><ele>4826.726</ele><time>2026-06-28T14:45:07.017Z</time></trkpt><trkpt lat="19.159564" lon="-98.636143"><ele>4824.709</ele><time>2026-06-28T14:45:29.017Z</time></trkpt><trkpt lat="19.159523" lon="-98.636100"><ele>4822.310</ele><time>2026-06-28T14:46:07.017Z</time></trkpt><trkpt lat="19.159478" lon="-98.636102"><ele>4820.245</ele><time>2026-06-28T14:46:14.017Z</time></trkpt><trkpt lat="19.159439" lon="-98.636129"><ele>4818.094</ele><time>2026-06-28T14:47:29.017Z</time></trkpt><trkpt lat="19.159387" lon="-98.636142"><ele>4816.660</ele><time>2026-06-28T14:48:20.017Z</time></trkpt><trkpt lat="19.159348" lon="-98.636168"><ele>4813.681</ele><time>2026-06-28T14:48:25.017Z</time></trkpt><trkpt lat="19.159300" lon="-98.636189"><ele>4810.189</ele><time>2026-06-28T14:48:30.017Z</time></trkpt><trkpt lat="19.159257" lon="-98.636223"><ele>4808.672</ele><time>2026-06-28T14:48:43.017Z</time></trkpt><trkpt lat="19.159281" lon="-98.636267"><ele>4806.761</ele><time>2026-06-28T14:49:04.017Z</time></trkpt><trkpt lat="19.159284" lon="-98.636317"><ele>4803.889</ele><time>2026-06-28T14:50:05.017Z</time></trkpt><trkpt lat="19.159297" lon="-98.636366"><ele>4800.752</ele><time>2026-06-28T14:51:28.017Z</time></trkpt><trkpt lat="19.159257" lon="-98.636398"><ele>4798.453</ele><time>2026-06-28T14:51:37.017Z</time></trkpt><trkpt lat="19.159228" lon="-98.636438"><ele>4796.308</ele><time>2026-06-28T14:51:44.017Z</time></trkpt><trkpt lat="19.159226" lon="-98.636488"><ele>4794.209</ele><time>2026-06-28T14:51:55.017Z</time></trkpt><trkpt lat="19.159195" lon="-98.636524"><ele>4792.267</ele><time>2026-06-28T14:52:13.017Z</time></trkpt><trkpt lat="19.159149" lon="-98.636542"><ele>4789.752</ele><time>2026-06-28T14:52:22.017Z</time></trkpt><trkpt lat="19.159126" lon="-98.636586"><ele>4786.791</ele><time>2026-06-28T14:52:33.017Z</time></trkpt><trkpt lat="19.159100" lon="-98.636633"><ele>4784.387</ele><time>2026-06-28T14:52:40.017Z</time></trkpt><trkpt lat="19.159053" lon="-98.636647"><ele>4781.798</ele><time>2026-06-28T14:52:50.017Z</time></trkpt><trkpt lat="19.159005" lon="-98.636632"><ele>4779.446</ele><time>2026-06-28T14:52:59.017Z</time></trkpt><trkpt lat="19.158951" lon="-98.636623"><ele>4777.259</ele><time>2026-06-28T14:53:04.017Z</time></trkpt><trkpt lat="19.158911" lon="-98.636660"><ele>4774.268</ele><time>2026-06-28T14:53:10.017Z</time></trkpt><trkpt lat="19.158860" lon="-98.636640"><ele>4771.936</ele><time>2026-06-28T14:53:21.017Z</time></trkpt><trkpt lat="19.158816" lon="-98.636630"><ele>4768.969</ele><time>2026-06-28T14:53:23.017Z</time></trkpt><trkpt lat="19.158768" lon="-98.636624"><ele>4765.804</ele><time>2026-06-28T14:53:36.017Z</time></trkpt><trkpt lat="19.158722" lon="-98.636613"><ele>4764.424</ele><time>2026-06-28T14:53:40.017Z</time></trkpt><trkpt lat="19.158684" lon="-98.636642"><ele>4761.309</ele><time>2026-06-28T14:53:45.017Z</time></trkpt><trkpt lat="19.158625" lon="-98.636611"><ele>4758.358</ele><time>2026-06-28T14:54:03.017Z</time></trkpt><trkpt lat="19.158586" lon="-98.636586"><ele>4756.673</ele><time>2026-06-28T14:54:16.017Z</time></trkpt><trkpt lat="19.158554" lon="-98.636622"><ele>4753.542</ele><time>2026-06-28T14:55:53.017Z</time></trkpt><trkpt lat="19.158518" lon="-98.636665"><ele>4750.248</ele><time>2026-06-28T14:56:00.017Z</time></trkpt><trkpt lat="19.158471" lon="-98.636660"><ele>4748.139</ele><time>2026-06-28T14:56:04.017Z</time></trkpt><trkpt lat="19.158433" lon="-98.636693"><ele>4746.447</ele><time>2026-06-28T14:56:12.017Z</time></trkpt><trkpt lat="19.158389" lon="-98.636710"><ele>4744.240</ele><time>2026-06-28T14:56:18.017Z</time></trkpt><trkpt lat="19.158351" lon="-98.636679"><ele>4741.959</ele><time>2026-06-28T14:56:32.017Z</time></trkpt><trkpt lat="19.158342" lon="-98.636726"><ele>4739.587</ele><time>2026-06-28T14:56:40.017Z</time></trkpt><trkpt lat="19.158301" lon="-98.636753"><ele>4737.662</ele><time>2026-06-28T14:56:49.017Z</time></trkpt><trkpt lat="19.158278" lon="-98.636800"><ele>4735.983</ele><time>2026-06-28T14:56:52.017Z</time></trkpt><trkpt lat="19.158223" lon="-98.636783"><ele>4734.111</ele><time>2026-06-28T14:56:56.017Z</time></trkpt><trkpt lat="19.158231" lon="-98.636833"><ele>4732.609</ele><time>2026-06-28T14:56:59.017Z</time></trkpt><trkpt lat="19.158183" lon="-98.636839"><ele>4731.078</ele><time>2026-06-28T14:57:02.017Z</time></trkpt><trkpt lat="19.158184" lon="-98.636891"><ele>4729.273</ele><time>2026-06-28T14:57:09.017Z</time></trkpt><trkpt lat="19.158137" lon="-98.636907"><ele>4727.992</ele><time>2026-06-28T14:57:15.017Z</time></trkpt><trkpt lat="19.158123" lon="-98.636952"><ele>4726.168</ele><time>2026-06-28T14:57:17.017Z</time></trkpt><trkpt lat="19.158082" lon="-98.636987"><ele>4723.759</ele><time>2026-06-28T14:57:28.017Z</time></trkpt><trkpt lat="19.158034" lon="-98.636959"><ele>4722.297</ele><time>2026-06-28T14:57:31.017Z</time></trkpt><trkpt lat="19.157983" lon="-98.636968"><ele>4720.190</ele><time>2026-06-28T14:57:41.017Z</time></trkpt><trkpt lat="19.157933" lon="-98.636966"><ele>4717.969</ele><time>2026-06-28T14:57:52.017Z</time></trkpt><trkpt lat="19.157881" lon="-98.636928"><ele>4714.267</ele><time>2026-06-28T14:57:57.017Z</time></trkpt><trkpt lat="19.157840" lon="-98.636895"><ele>4711.555</ele><time>2026-06-28T14:58:01.017Z</time></trkpt><trkpt lat="19.157795" lon="-98.636911"><ele>4711.007</ele><time>2026-06-28T14:58:05.017Z</time></trkpt><trkpt lat="19.157745" lon="-98.636933"><ele>4709.717</ele><time>2026-06-28T14:58:10.017Z</time></trkpt><trkpt lat="19.157691" lon="-98.636937"><ele>4707.009</ele><time>2026-06-28T14:58:17.017Z</time></trkpt><trkpt lat="19.157639" lon="-98.636921"><ele>4706.147</ele><time>2026-06-28T14:58:23.017Z</time></trkpt><trkpt lat="19.157590" lon="-98.636937"><ele>4704.372</ele><time>2026-06-28T14:58:28.017Z</time></trkpt><trkpt lat="19.157547" lon="-98.636923"><ele>4702.221</ele><time>2026-06-28T14:58:31.017Z</time></trkpt><trkpt lat="19.157493" lon="-98.636912"><ele>4700.367</ele><time>2026-06-28T14:58:35.017Z</time></trkpt><trkpt lat="19.157437" lon="-98.636900"><ele>4698.968</ele><time>2026-06-28T14:58:39.017Z</time></trkpt><trkpt lat="19.157392" lon="-98.636901"><ele>4697.456</ele><time>2026-06-28T14:58:42.017Z</time></trkpt><trkpt lat="19.157346" lon="-98.636887"><ele>4695.769</ele><time>2026-06-28T14:58:46.017Z</time></trkpt><trkpt lat="19.157292" lon="-98.636895"><ele>4694.358</ele><time>2026-06-28T14:58:51.017Z</time></trkpt><trkpt lat="19.157242" lon="-98.636883"><ele>4693.136</ele><time>2026-06-28T14:58:55.018Z</time></trkpt><trkpt lat="19.157189" lon="-98.636877"><ele>4692.021</ele><time>2026-06-28T14:58:59.018Z</time></trkpt><trkpt lat="19.157136" lon="-98.636868"><ele>4691.141</ele><time>2026-06-28T14:59:03.018Z</time></trkpt><trkpt lat="19.157105" lon="-98.636904"><ele>4690.205</ele><time>2026-06-28T14:59:07.018Z</time></trkpt><trkpt lat="19.157059" lon="-98.636912"><ele>4689.309</ele><time>2026-06-28T14:59:10.018Z</time></trkpt><trkpt lat="19.156999" lon="-98.636929"><ele>4688.414</ele><time>2026-06-28T14:59:13.018Z</time></trkpt><trkpt lat="19.156959" lon="-98.636955"><ele>4687.619</ele><time>2026-06-28T14:59:17.018Z</time></trkpt><trkpt lat="19.156908" lon="-98.636989"><ele>4686.898</ele><time>2026-06-28T14:59:38.018Z</time></trkpt><trkpt lat="19.156872" lon="-98.637035"><ele>4685.314</ele><time>2026-06-28T14:59:42.018Z</time></trkpt><trkpt lat="19.156830" lon="-98.637066"><ele>4684.255</ele><time>2026-06-28T14:59:46.018Z</time></trkpt><trkpt lat="19.156796" lon="-98.637109"><ele>4684.083</ele><time>2026-06-28T14:59:51.018Z</time></trkpt><trkpt lat="19.156754" lon="-98.637146"><ele>4683.266</ele><time>2026-06-28T14:59:56.018Z</time></trkpt><trkpt lat="19.156802" lon="-98.637172"><ele>4683.175</ele><time>2026-06-28T15:00:01.018Z</time></trkpt><trkpt lat="19.156816" lon="-98.637226"><ele>4682.893</ele><time>2026-06-28T15:00:04.018Z</time></trkpt><trkpt lat="19.156753" lon="-98.637196"><ele>4682.096</ele><time>2026-06-28T15:01:27.018Z</time></trkpt><trkpt lat="19.156801" lon="-98.637218"><ele>4681.031</ele><time>2026-06-28T15:01:35.018Z</time></trkpt><trkpt lat="19.156806" lon="-98.637267"><ele>4678.624</ele><time>2026-06-28T15:06:50.018Z</time></trkpt><trkpt lat="19.156771" lon="-98.637237"><ele>4678.509</ele><time>2026-06-28T15:14:15.018Z</time></trkpt><trkpt lat="19.156767" lon="-98.637284"><ele>4677.631</ele><time>2026-06-28T15:14:34.018Z</time></trkpt><trkpt lat="19.156797" lon="-98.637248"><ele>4677.136</ele><time>2026-06-28T15:15:07.018Z</time></trkpt><trkpt lat="19.156816" lon="-98.637312"><ele>4676.835</ele><time>2026-06-28T15:20:39.018Z</time></trkpt><trkpt lat="19.156807" lon="-98.637258"><ele>4676.781</ele><time>2026-06-28T15:21:16.018Z</time></trkpt><trkpt lat="19.156808" lon="-98.637317"><ele>4676.732</ele><time>2026-06-28T15:26:11.018Z</time></trkpt><trkpt lat="19.156784" lon="-98.637276"><ele>4676.130</ele><time>2026-06-28T15:26:28.018Z</time></trkpt><trkpt lat="19.156739" lon="-98.637253"><ele>4676.163</ele><time>2026-06-28T15:28:59.018Z</time></trkpt><trkpt lat="19.156776" lon="-98.637223"><ele>4676.152</ele><time>2026-06-28T15:30:10.018Z</time></trkpt><trkpt lat="19.156818" lon="-98.637246"><ele>4675.480</ele><time>2026-06-28T15:34:16.019Z</time></trkpt><trkpt lat="19.156778" lon="-98.637269"><ele>4675.399</ele><time>2026-06-28T15:58:06.018Z</time></trkpt><trkpt lat="19.156802" lon="-98.637229"><ele>4675.207</ele><time>2026-06-28T16:01:14.019Z</time></trkpt><trkpt lat="19.156785" lon="-98.637181"><ele>4675.527</ele><time>2026-06-28T16:17:56.018Z</time></trkpt><trkpt lat="19.156746" lon="-98.637155"><ele>4675.509</ele><time>2026-06-28T16:18:04.018Z</time></trkpt><trkpt lat="19.156703" lon="-98.637126"><ele>4675.591</ele><time>2026-06-28T16:18:11.018Z</time></trkpt><trkpt lat="19.156688" lon="-98.637078"><ele>4676.846</ele><time>2026-06-28T16:18:29.018Z</time></trkpt><trkpt lat="19.156680" lon="-98.637028"><ele>4678.415</ele><time>2026-06-28T16:18:48.018Z</time></trkpt><trkpt lat="19.156704" lon="-98.636982"><ele>4679.611</ele><time>2026-06-28T16:19:09.018Z</time></trkpt><trkpt lat="19.156689" lon="-98.637031"><ele>4680.932</ele><time>2026-06-28T16:19:48.018Z</time></trkpt><trkpt lat="19.156708" lon="-98.637074"><ele>4681.870</ele><time>2026-06-28T16:19:53.018Z</time></trkpt><trkpt lat="19.156713" lon="-98.637122"><ele>4681.833</ele><time>2026-06-28T16:19:59.018Z</time></trkpt><trkpt lat="19.156697" lon="-98.637167"><ele>4681.882</ele><time>2026-06-28T16:20:27.018Z</time></trkpt><trkpt lat="19.156648" lon="-98.637180"><ele>4681.340</ele><time>2026-06-28T16:20:41.018Z</time></trkpt><trkpt lat="19.156610" lon="-98.637147"><ele>4680.039</ele><time>2026-06-28T16:20:47.018Z</time></trkpt><trkpt lat="19.156563" lon="-98.637146"><ele>4679.601</ele><time>2026-06-28T16:20:57.018Z</time></trkpt><trkpt lat="19.156517" lon="-98.637148"><ele>4679.621</ele><time>2026-06-28T16:21:13.018Z</time></trkpt><trkpt lat="19.156474" lon="-98.637133"><ele>4679.609</ele><time>2026-06-28T16:21:22.018Z</time></trkpt><trkpt lat="19.156428" lon="-98.637127"><ele>4680.115</ele><time>2026-06-28T16:21:32.018Z</time></trkpt><trkpt lat="19.156381" lon="-98.637110"><ele>4681.010</ele><time>2026-06-28T16:21:45.018Z</time></trkpt><trkpt lat="19.156336" lon="-98.637096"><ele>4682.079</ele><time>2026-06-28T16:21:59.018Z</time></trkpt><trkpt lat="19.156291" lon="-98.637089"><ele>4683.285</ele><time>2026-06-28T16:22:09.018Z</time></trkpt><trkpt lat="19.156248" lon="-98.637110"><ele>4684.976</ele><time>2026-06-28T16:22:32.018Z</time></trkpt><trkpt lat="19.156209" lon="-98.637134"><ele>4686.474</ele><time>2026-06-28T16:22:40.018Z</time></trkpt><trkpt lat="19.156172" lon="-98.637165"><ele>4687.127</ele><time>2026-06-28T16:22:48.018Z</time></trkpt><trkpt lat="19.156134" lon="-98.637200"><ele>4687.716</ele><time>2026-06-28T16:22:56.018Z</time></trkpt><trkpt lat="19.156092" lon="-98.637232"><ele>4688.634</ele><time>2026-06-28T16:23:10.018Z</time></trkpt><trkpt lat="19.156046" lon="-98.637247"><ele>4689.389</ele><time>2026-06-28T16:23:17.018Z</time></trkpt><trkpt lat="19.155999" lon="-98.637273"><ele>4689.806</ele><time>2026-06-28T16:23:30.018Z</time></trkpt><trkpt lat="19.155952" lon="-98.637284"><ele>4690.326</ele><time>2026-06-28T16:23:39.018Z</time></trkpt><trkpt lat="19.155906" lon="-98.637301"><ele>4691.109</ele><time>2026-06-28T16:23:53.018Z</time></trkpt><trkpt lat="19.155865" lon="-98.637324"><ele>4692.130</ele><time>2026-06-28T16:24:01.018Z</time></trkpt><trkpt lat="19.155821" lon="-98.637355"><ele>4693.225</ele><time>2026-06-28T16:24:21.018Z</time></trkpt><trkpt lat="19.155781" lon="-98.637379"><ele>4694.264</ele><time>2026-06-28T16:24:27.018Z</time></trkpt><trkpt lat="19.155729" lon="-98.637392"><ele>4695.160</ele><time>2026-06-28T16:24:35.018Z</time></trkpt><trkpt lat="19.155681" lon="-98.637402"><ele>4695.831</ele><time>2026-06-28T16:24:42.018Z</time></trkpt><trkpt lat="19.155635" lon="-98.637423"><ele>4696.499</ele><time>2026-06-28T16:24:57.018Z</time></trkpt><trkpt lat="19.155586" lon="-98.637434"><ele>4697.162</ele><time>2026-06-28T16:25:05.018Z</time></trkpt><trkpt lat="19.155538" lon="-98.637441"><ele>4697.811</ele><time>2026-06-28T16:25:13.018Z</time></trkpt><trkpt lat="19.155491" lon="-98.637449"><ele>4698.719</ele><time>2026-06-28T16:25:22.018Z</time></trkpt><trkpt lat="19.155455" lon="-98.637479"><ele>4699.484</ele><time>2026-06-28T16:25:31.018Z</time></trkpt><trkpt lat="19.155411" lon="-98.637497"><ele>4699.407</ele><time>2026-06-28T16:25:39.018Z</time></trkpt><trkpt lat="19.155361" lon="-98.637512"><ele>4699.417</ele><time>2026-06-28T16:25:54.018Z</time></trkpt><trkpt lat="19.155312" lon="-98.637537"><ele>4699.309</ele><time>2026-06-28T16:28:03.019Z</time></trkpt><trkpt lat="19.155266" lon="-98.637546"><ele>4698.620</ele><time>2026-06-28T16:28:09.019Z</time></trkpt><trkpt lat="19.155230" lon="-98.637575"><ele>4697.015</ele><time>2026-06-28T16:28:17.019Z</time></trkpt><trkpt lat="19.155189" lon="-98.637606"><ele>4695.024</ele><time>2026-06-28T16:28:27.019Z</time></trkpt><trkpt lat="19.155140" lon="-98.637612"><ele>4693.370</ele><time>2026-06-28T16:28:37.019Z</time></trkpt><trkpt lat="19.155097" lon="-98.637634"><ele>4691.291</ele><time>2026-06-28T16:28:46.019Z</time></trkpt><trkpt lat="19.155048" lon="-98.637641"><ele>4689.289</ele><time>2026-06-28T16:28:58.019Z</time></trkpt><trkpt lat="19.155015" lon="-98.637606"><ele>4687.632</ele><time>2026-06-28T16:29:04.019Z</time></trkpt><trkpt lat="19.154980" lon="-98.637572"><ele>4686.431</ele><time>2026-06-28T16:29:16.019Z</time></trkpt><trkpt lat="19.154939" lon="-98.637550"><ele>4685.619</ele><time>2026-06-28T16:29:25.019Z</time></trkpt><trkpt lat="19.154897" lon="-98.637571"><ele>4685.111</ele><time>2026-06-28T16:29:52.019Z</time></trkpt><trkpt lat="19.154850" lon="-98.637567"><ele>4684.321</ele><time>2026-06-28T16:30:29.019Z</time></trkpt><trkpt lat="19.154804" lon="-98.637548"><ele>4682.303</ele><time>2026-06-28T16:30:41.019Z</time></trkpt><trkpt lat="19.154755" lon="-98.637555"><ele>4679.809</ele><time>2026-06-28T16:30:56.019Z</time></trkpt><trkpt lat="19.154705" lon="-98.637535"><ele>4677.953</ele><time>2026-06-28T16:31:01.019Z</time></trkpt><trkpt lat="19.154657" lon="-98.637526"><ele>4676.378</ele><time>2026-06-28T16:31:06.019Z</time></trkpt><trkpt lat="19.154609" lon="-98.637515"><ele>4675.087</ele><time>2026-06-28T16:31:30.019Z</time></trkpt><trkpt lat="19.154564" lon="-98.637501"><ele>4674.023</ele><time>2026-06-28T16:31:48.019Z</time></trkpt><trkpt lat="19.154520" lon="-98.637485"><ele>4672.634</ele><time>2026-06-28T16:32:06.019Z</time></trkpt><trkpt lat="19.154535" lon="-98.637435"><ele>4671.082</ele><time>2026-06-28T16:32:43.019Z</time></trkpt><trkpt lat="19.154558" lon="-98.637392"><ele>4669.535</ele><time>2026-06-28T16:33:05.019Z</time></trkpt><trkpt lat="19.154599" lon="-98.637355"><ele>4667.764</ele><time>2026-06-28T16:33:23.019Z</time></trkpt><trkpt lat="19.154565" lon="-98.637317"><ele>4665.112</ele><time>2026-06-28T16:33:46.019Z</time></trkpt><trkpt lat="19.154556" lon="-98.637269"><ele>4662.435</ele><time>2026-06-28T16:34:09.019Z</time></trkpt><trkpt lat="19.154577" lon="-98.637226"><ele>4659.986</ele><time>2026-06-28T16:34:16.019Z</time></trkpt><trkpt lat="19.154549" lon="-98.637187"><ele>4657.014</ele><time>2026-06-28T16:34:38.019Z</time></trkpt><trkpt lat="19.154499" lon="-98.637172"><ele>4654.609</ele><time>2026-06-28T16:34:50.019Z</time></trkpt><trkpt lat="19.154465" lon="-98.637137"><ele>4652.425</ele><time>2026-06-28T16:35:02.019Z</time></trkpt><trkpt lat="19.154436" lon="-98.637092"><ele>4649.880</ele><time>2026-06-28T16:35:29.019Z</time></trkpt><trkpt lat="19.154414" lon="-98.637047"><ele>4647.949</ele><time>2026-06-28T16:35:36.019Z</time></trkpt><trkpt lat="19.154384" lon="-98.637006"><ele>4646.155</ele><time>2026-06-28T16:35:45.019Z</time></trkpt><trkpt lat="19.154350" lon="-98.636959"><ele>4644.166</ele><time>2026-06-28T16:35:51.019Z</time></trkpt><trkpt lat="19.154331" lon="-98.636914"><ele>4642.594</ele><time>2026-06-28T16:35:59.019Z</time></trkpt><trkpt lat="19.154301" lon="-98.636871"><ele>4641.447</ele><time>2026-06-28T16:36:04.019Z</time></trkpt><trkpt lat="19.154261" lon="-98.636827"><ele>4640.366</ele><time>2026-06-28T16:36:16.019Z</time></trkpt><trkpt lat="19.154237" lon="-98.636783"><ele>4639.424</ele><time>2026-06-28T16:36:29.019Z</time></trkpt><trkpt lat="19.154204" lon="-98.636747"><ele>4638.913</ele><time>2026-06-28T16:36:50.019Z</time></trkpt><trkpt lat="19.154175" lon="-98.636710"><ele>4637.543</ele><time>2026-06-28T16:37:28.019Z</time></trkpt><trkpt lat="19.154190" lon="-98.636663"><ele>4635.207</ele><time>2026-06-28T16:37:45.019Z</time></trkpt><trkpt lat="19.154159" lon="-98.636622"><ele>4632.309</ele><time>2026-06-28T16:38:28.019Z</time></trkpt><trkpt lat="19.154182" lon="-98.636579"><ele>4629.983</ele><time>2026-06-28T16:39:12.019Z</time></trkpt><trkpt lat="19.154197" lon="-98.636533"><ele>4628.268</ele><time>2026-06-28T16:39:55.019Z</time></trkpt><trkpt lat="19.154170" lon="-98.636494"><ele>4625.837</ele><time>2026-06-28T16:40:58.019Z</time></trkpt><trkpt lat="19.154145" lon="-98.636442"><ele>4622.873</ele><time>2026-06-28T16:41:09.019Z</time></trkpt><trkpt lat="19.154106" lon="-98.636406"><ele>4619.744</ele><time>2026-06-28T16:41:51.019Z</time></trkpt><trkpt lat="19.154065" lon="-98.636386"><ele>4617.172</ele><time>2026-06-28T16:41:57.019Z</time></trkpt><trkpt lat="19.154021" lon="-98.636407"><ele>4614.835</ele><time>2026-06-28T16:43:37.018Z</time></trkpt><trkpt lat="19.153975" lon="-98.636406"><ele>4613.024</ele><time>2026-06-28T16:43:47.019Z</time></trkpt><trkpt lat="19.153933" lon="-98.636427"><ele>4611.772</ele><time>2026-06-28T16:43:58.019Z</time></trkpt><trkpt lat="19.153879" lon="-98.636439"><ele>4610.044</ele><time>2026-06-28T16:44:05.019Z</time></trkpt><trkpt lat="19.153832" lon="-98.636440"><ele>4608.205</ele><time>2026-06-28T16:44:19.019Z</time></trkpt><trkpt lat="19.153844" lon="-98.636387"><ele>4606.715</ele><time>2026-06-28T16:44:39.019Z</time></trkpt><trkpt lat="19.153799" lon="-98.636396"><ele>4605.409</ele><time>2026-06-28T16:44:49.019Z</time></trkpt><trkpt lat="19.153757" lon="-98.636420"><ele>4603.586</ele><time>2026-06-28T16:44:59.019Z</time></trkpt><trkpt lat="19.153710" lon="-98.636419"><ele>4601.611</ele><time>2026-06-28T16:45:17.019Z</time></trkpt><trkpt lat="19.153700" lon="-98.636369"><ele>4600.290</ele><time>2026-06-28T16:45:33.019Z</time></trkpt><trkpt lat="19.153653" lon="-98.636380"><ele>4598.896</ele><time>2026-06-28T16:45:42.019Z</time></trkpt><trkpt lat="19.153599" lon="-98.636389"><ele>4597.337</ele><time>2026-06-28T16:45:58.019Z</time></trkpt><trkpt lat="19.153548" lon="-98.636388"><ele>4595.865</ele><time>2026-06-28T16:46:15.019Z</time></trkpt><trkpt lat="19.153500" lon="-98.636395"><ele>4594.468</ele><time>2026-06-28T16:46:26.019Z</time></trkpt><trkpt lat="19.153445" lon="-98.636388"><ele>4593.057</ele><time>2026-06-28T16:46:40.019Z</time></trkpt><trkpt lat="19.153401" lon="-98.636374"><ele>4591.455</ele><time>2026-06-28T16:46:50.019Z</time></trkpt><trkpt lat="19.153354" lon="-98.636366"><ele>4589.539</ele><time>2026-06-28T16:46:59.019Z</time></trkpt><trkpt lat="19.153304" lon="-98.636352"><ele>4587.601</ele><time>2026-06-28T16:47:12.019Z</time></trkpt><trkpt lat="19.153264" lon="-98.636327"><ele>4586.221</ele><time>2026-06-28T16:47:19.019Z</time></trkpt><trkpt lat="19.153218" lon="-98.636324"><ele>4584.409</ele><time>2026-06-28T16:47:29.019Z</time></trkpt><trkpt lat="19.153166" lon="-98.636299"><ele>4582.495</ele><time>2026-06-28T16:47:40.019Z</time></trkpt><trkpt lat="19.153116" lon="-98.636278"><ele>4581.040</ele><time>2026-06-28T16:47:50.019Z</time></trkpt><trkpt lat="19.153083" lon="-98.636246"><ele>4579.459</ele><time>2026-06-28T16:47:56.020Z</time></trkpt><trkpt lat="19.153043" lon="-98.636216"><ele>4577.465</ele><time>2026-06-28T16:48:04.020Z</time></trkpt><trkpt lat="19.153002" lon="-98.636184"><ele>4575.536</ele><time>2026-06-28T16:48:12.020Z</time></trkpt><trkpt lat="19.152964" lon="-98.636149"><ele>4573.974</ele><time>2026-06-28T16:48:27.020Z</time></trkpt><trkpt lat="19.152929" lon="-98.636117"><ele>4571.847</ele><time>2026-06-28T16:48:33.020Z</time></trkpt><trkpt lat="19.152889" lon="-98.636087"><ele>4569.516</ele><time>2026-06-28T16:48:42.020Z</time></trkpt><trkpt lat="19.152847" lon="-98.636069"><ele>4567.654</ele><time>2026-06-28T16:48:57.020Z</time></trkpt><trkpt lat="19.152802" lon="-98.636052"><ele>4565.945</ele><time>2026-06-28T16:49:03.020Z</time></trkpt><trkpt lat="19.152752" lon="-98.636030"><ele>4563.747</ele><time>2026-06-28T16:49:09.020Z</time></trkpt><trkpt lat="19.152715" lon="-98.636000"><ele>4562.011</ele><time>2026-06-28T16:49:16.020Z</time></trkpt><trkpt lat="19.152667" lon="-98.635997"><ele>4560.509</ele><time>2026-06-28T16:49:37.020Z</time></trkpt><trkpt lat="19.152618" lon="-98.635982"><ele>4558.726</ele><time>2026-06-28T16:49:42.020Z</time></trkpt><trkpt lat="19.152568" lon="-98.635979"><ele>4557.021</ele><time>2026-06-28T16:49:46.020Z</time></trkpt><trkpt lat="19.152521" lon="-98.635975"><ele>4555.620</ele><time>2026-06-28T16:49:51.020Z</time></trkpt><trkpt lat="19.152473" lon="-98.635972"><ele>4554.796</ele><time>2026-06-28T16:50:27.020Z</time></trkpt><trkpt lat="19.152423" lon="-98.635969"><ele>4553.547</ele><time>2026-06-28T16:50:34.020Z</time></trkpt><trkpt lat="19.152378" lon="-98.635957"><ele>4552.115</ele><time>2026-06-28T16:50:40.020Z</time></trkpt><trkpt lat="19.152334" lon="-98.635933"><ele>4550.828</ele><time>2026-06-28T16:50:52.020Z</time></trkpt><trkpt lat="19.152300" lon="-98.635901"><ele>4549.767</ele><time>2026-06-28T16:51:03.020Z</time></trkpt><trkpt lat="19.152254" lon="-98.635887"><ele>4547.585</ele><time>2026-06-28T16:51:16.020Z</time></trkpt><trkpt lat="19.152209" lon="-98.635881"><ele>4544.565</ele><time>2026-06-28T16:51:44.021Z</time></trkpt><trkpt lat="19.152162" lon="-98.635875"><ele>4542.468</ele><time>2026-06-28T16:52:03.021Z</time></trkpt><trkpt lat="19.152111" lon="-98.635878"><ele>4540.614</ele><time>2026-06-28T16:52:10.022Z</time></trkpt><trkpt lat="19.152062" lon="-98.635882"><ele>4539.109</ele><time>2026-06-28T16:52:18.022Z</time></trkpt><trkpt lat="19.152017" lon="-98.635881"><ele>4538.068</ele><time>2026-06-28T16:52:35.022Z</time></trkpt><trkpt lat="19.151972" lon="-98.635869"><ele>4536.433</ele><time>2026-06-28T16:52:44.022Z</time></trkpt><trkpt lat="19.151920" lon="-98.635875"><ele>4534.432</ele><time>2026-06-28T16:52:51.022Z</time></trkpt><trkpt lat="19.151876" lon="-98.635847"><ele>4532.698</ele><time>2026-06-28T16:52:59.022Z</time></trkpt><trkpt lat="19.151830" lon="-98.635845"><ele>4531.259</ele><time>2026-06-28T16:53:04.022Z</time></trkpt><trkpt lat="19.151783" lon="-98.635854"><ele>4529.727</ele><time>2026-06-28T16:53:14.022Z</time></trkpt><trkpt lat="19.151731" lon="-98.635836"><ele>4528.250</ele><time>2026-06-28T16:53:20.022Z</time></trkpt><trkpt lat="19.151675" lon="-98.635843"><ele>4526.889</ele><time>2026-06-28T16:53:26.022Z</time></trkpt><trkpt lat="19.151629" lon="-98.635815"><ele>4525.417</ele><time>2026-06-28T16:53:33.022Z</time></trkpt><trkpt lat="19.151580" lon="-98.635818"><ele>4523.794</ele><time>2026-06-28T16:53:36.022Z</time></trkpt><trkpt lat="19.151527" lon="-98.635832"><ele>4521.857</ele><time>2026-06-28T16:53:53.022Z</time></trkpt><trkpt lat="19.151482" lon="-98.635818"><ele>4520.622</ele><time>2026-06-28T16:53:58.022Z</time></trkpt><trkpt lat="19.151436" lon="-98.635824"><ele>4519.409</ele><time>2026-06-28T16:54:02.022Z</time></trkpt><trkpt lat="19.151388" lon="-98.635843"><ele>4518.051</ele><time>2026-06-28T16:54:06.022Z</time></trkpt><trkpt lat="19.151332" lon="-98.635848"><ele>4517.166</ele><time>2026-06-28T16:54:11.022Z</time></trkpt><trkpt lat="19.151287" lon="-98.635848"><ele>4516.165</ele><time>2026-06-28T16:54:15.023Z</time></trkpt><trkpt lat="19.151235" lon="-98.635861"><ele>4515.161</ele><time>2026-06-28T16:54:20.023Z</time></trkpt><trkpt lat="19.151178" lon="-98.635857"><ele>4514.282</ele><time>2026-06-28T16:54:25.023Z</time></trkpt><trkpt lat="19.151130" lon="-98.635869"><ele>4513.270</ele><time>2026-06-28T16:54:30.023Z</time></trkpt><trkpt lat="19.151090" lon="-98.635891"><ele>4512.213</ele><time>2026-06-28T16:54:34.023Z</time></trkpt><trkpt lat="19.151039" lon="-98.635898"><ele>4511.422</ele><time>2026-06-28T16:54:39.023Z</time></trkpt><trkpt lat="19.150988" lon="-98.635891"><ele>4510.650</ele><time>2026-06-28T16:54:45.023Z</time></trkpt><trkpt lat="19.150938" lon="-98.635875"><ele>4510.131</ele><time>2026-06-28T16:54:50.023Z</time></trkpt><trkpt lat="19.150892" lon="-98.635863"><ele>4509.661</ele><time>2026-06-28T16:54:56.023Z</time></trkpt><trkpt lat="19.150845" lon="-98.635865"><ele>4508.807</ele><time>2026-06-28T16:55:02.023Z</time></trkpt><trkpt lat="19.150794" lon="-98.635874"><ele>4507.809</ele><time>2026-06-28T16:55:08.023Z</time></trkpt><trkpt lat="19.150752" lon="-98.635892"><ele>4506.975</ele><time>2026-06-28T16:55:15.023Z</time></trkpt><trkpt lat="19.150703" lon="-98.635895"><ele>4506.380</ele><time>2026-06-28T16:55:21.023Z</time></trkpt><trkpt lat="19.150646" lon="-98.635902"><ele>4506.089</ele><time>2026-06-28T16:55:26.023Z</time></trkpt><trkpt lat="19.150600" lon="-98.635911"><ele>4505.885</ele><time>2026-06-28T16:55:31.023Z</time></trkpt><trkpt lat="19.150551" lon="-98.635906"><ele>4505.696</ele><time>2026-06-28T16:55:36.023Z</time></trkpt><trkpt lat="19.150498" lon="-98.635919"><ele>4505.494</ele><time>2026-06-28T16:55:42.023Z</time></trkpt><trkpt lat="19.150456" lon="-98.635951"><ele>4505.417</ele><time>2026-06-28T16:55:51.023Z</time></trkpt><trkpt lat="19.150410" lon="-98.635952"><ele>4505.436</ele><time>2026-06-28T16:55:57.023Z</time></trkpt><trkpt lat="19.150362" lon="-98.635953"><ele>4505.694</ele><time>2026-06-28T16:56:04.023Z</time></trkpt><trkpt lat="19.150310" lon="-98.635948"><ele>4506.016</ele><time>2026-06-28T16:56:10.023Z</time></trkpt><trkpt lat="19.150262" lon="-98.635933"><ele>4506.076</ele><time>2026-06-28T16:56:16.023Z</time></trkpt><trkpt lat="19.150216" lon="-98.635942"><ele>4506.013</ele><time>2026-06-28T16:56:22.024Z</time></trkpt><trkpt lat="19.150173" lon="-98.635967"><ele>4506.109</ele><time>2026-06-28T16:56:30.024Z</time></trkpt><trkpt lat="19.150123" lon="-98.635960"><ele>4506.153</ele><time>2026-06-28T16:56:35.024Z</time></trkpt><trkpt lat="19.150074" lon="-98.635945"><ele>4506.178</ele><time>2026-06-28T16:56:40.024Z</time></trkpt><trkpt lat="19.150025" lon="-98.635942"><ele>4506.677</ele><time>2026-06-28T16:56:46.024Z</time></trkpt><trkpt lat="19.149979" lon="-98.635956"><ele>4507.053</ele><time>2026-06-28T16:57:10.024Z</time></trkpt><trkpt lat="19.150011" lon="-98.635992"><ele>4507.234</ele><time>2026-06-28T16:57:25.024Z</time></trkpt><trkpt lat="19.149974" lon="-98.636020"><ele>4508.132</ele><time>2026-06-28T17:05:18.024Z</time></trkpt><trkpt lat="19.149930" lon="-98.636040"><ele>4508.915</ele><time>2026-06-28T17:05:27.024Z</time></trkpt><trkpt lat="19.149896" lon="-98.636074"><ele>4509.354</ele><time>2026-06-28T17:05:32.024Z</time></trkpt><trkpt lat="19.149853" lon="-98.636096"><ele>4509.372</ele><time>2026-06-28T17:05:40.024Z</time></trkpt><trkpt lat="19.149812" lon="-98.636117"><ele>4509.387</ele><time>2026-06-28T17:05:47.024Z</time></trkpt><trkpt lat="19.149769" lon="-98.636139"><ele>4509.342</ele><time>2026-06-28T17:05:55.024Z</time></trkpt><trkpt lat="19.149720" lon="-98.636145"><ele>4508.626</ele><time>2026-06-28T17:06:10.024Z</time></trkpt><trkpt lat="19.149671" lon="-98.636163"><ele>4508.309</ele><time>2026-06-28T17:06:27.024Z</time></trkpt><trkpt lat="19.149626" lon="-98.636172"><ele>4508.170</ele><time>2026-06-28T17:06:40.024Z</time></trkpt><trkpt lat="19.149581" lon="-98.636174"><ele>4507.615</ele><time>2026-06-28T17:07:03.024Z</time></trkpt><trkpt lat="19.149535" lon="-98.636176"><ele>4506.444</ele><time>2026-06-28T17:07:25.024Z</time></trkpt><trkpt lat="19.149489" lon="-98.636171"><ele>4505.320</ele><time>2026-06-28T17:07:43.024Z</time></trkpt><trkpt lat="19.149465" lon="-98.636213"><ele>4504.471</ele><time>2026-06-28T17:08:00.024Z</time></trkpt><trkpt lat="19.149430" lon="-98.636244"><ele>4503.239</ele><time>2026-06-28T17:08:19.024Z</time></trkpt><trkpt lat="19.149390" lon="-98.636268"><ele>4501.542</ele><time>2026-06-28T17:08:32.024Z</time></trkpt><trkpt lat="19.149345" lon="-98.636278"><ele>4499.381</ele><time>2026-06-28T17:08:44.024Z</time></trkpt><trkpt lat="19.149302" lon="-98.636294"><ele>4497.889</ele><time>2026-06-28T17:08:50.024Z</time></trkpt><trkpt lat="19.149263" lon="-98.636322"><ele>4496.615</ele><time>2026-06-28T17:08:58.025Z</time></trkpt><trkpt lat="19.149221" lon="-98.636349"><ele>4495.465</ele><time>2026-06-28T17:09:29.025Z</time></trkpt><trkpt lat="19.149170" lon="-98.636349"><ele>4494.111</ele><time>2026-06-28T17:09:35.025Z</time></trkpt><trkpt lat="19.149120" lon="-98.636352"><ele>4492.309</ele><time>2026-06-28T17:09:39.025Z</time></trkpt><trkpt lat="19.149068" lon="-98.636370"><ele>4490.863</ele><time>2026-06-28T17:09:45.025Z</time></trkpt><trkpt lat="19.149007" lon="-98.636384"><ele>4490.188</ele><time>2026-06-28T17:10:07.025Z</time></trkpt><trkpt lat="19.148962" lon="-98.636400"><ele>4489.387</ele><time>2026-06-28T17:10:09.025Z</time></trkpt><trkpt lat="19.148942" lon="-98.636447"><ele>4488.063</ele><time>2026-06-28T17:10:11.025Z</time></trkpt><trkpt lat="19.148907" lon="-98.636489"><ele>4487.244</ele><time>2026-06-28T17:10:18.025Z</time></trkpt><trkpt lat="19.148869" lon="-98.636517"><ele>4486.892</ele><time>2026-06-28T17:11:08.025Z</time></trkpt><trkpt lat="19.148825" lon="-98.636529"><ele>4485.645</ele><time>2026-06-28T17:11:17.025Z</time></trkpt><trkpt lat="19.148797" lon="-98.636574"><ele>4484.194</ele><time>2026-06-28T17:11:22.025Z</time></trkpt><trkpt lat="19.148752" lon="-98.636598"><ele>4483.272</ele><time>2026-06-28T17:11:39.025Z</time></trkpt><trkpt lat="19.148718" lon="-98.636639"><ele>4482.824</ele><time>2026-06-28T17:11:45.025Z</time></trkpt><trkpt lat="19.148683" lon="-98.636671"><ele>4482.704</ele><time>2026-06-28T17:11:51.025Z</time></trkpt><trkpt lat="19.148649" lon="-98.636706"><ele>4482.714</ele><time>2026-06-28T17:11:55.025Z</time></trkpt><trkpt lat="19.148600" lon="-98.636721"><ele>4482.609</ele><time>2026-06-28T17:12:00.025Z</time></trkpt><trkpt lat="19.148556" lon="-98.636739"><ele>4482.214</ele><time>2026-06-28T17:12:09.025Z</time></trkpt><trkpt lat="19.148536" lon="-98.636786"><ele>4481.799</ele><time>2026-06-28T17:12:17.025Z</time></trkpt><trkpt lat="19.148493" lon="-98.636815"><ele>4481.498</ele><time>2026-06-28T17:12:21.025Z</time></trkpt><trkpt lat="19.148454" lon="-98.636858"><ele>4481.094</ele><time>2026-06-28T17:12:41.025Z</time></trkpt><trkpt lat="19.148412" lon="-98.636879"><ele>4480.075</ele><time>2026-06-28T17:12:46.025Z</time></trkpt><trkpt lat="19.148368" lon="-98.636900"><ele>4478.313</ele><time>2026-06-28T17:12:55.025Z</time></trkpt><trkpt lat="19.148331" lon="-98.636929"><ele>4476.676</ele><time>2026-06-28T17:13:04.025Z</time></trkpt><trkpt lat="19.148308" lon="-98.636973"><ele>4475.575</ele><time>2026-06-28T17:15:13.025Z</time></trkpt><trkpt lat="19.148276" lon="-98.637013"><ele>4474.293</ele><time>2026-06-28T17:15:21.025Z</time></trkpt><trkpt lat="19.148247" lon="-98.637052"><ele>4472.618</ele><time>2026-06-28T17:15:28.025Z</time></trkpt><trkpt lat="19.148209" lon="-98.637087"><ele>4471.098</ele><time>2026-06-28T17:15:35.025Z</time></trkpt><trkpt lat="19.148169" lon="-98.637108"><ele>4469.617</ele><time>2026-06-28T17:15:48.025Z</time></trkpt><trkpt lat="19.148140" lon="-98.637149"><ele>4468.409</ele><time>2026-06-28T17:15:53.025Z</time></trkpt><trkpt lat="19.148093" lon="-98.637170"><ele>4467.083</ele><time>2026-06-28T17:16:06.025Z</time></trkpt><trkpt lat="19.148066" lon="-98.637211"><ele>4465.838</ele><time>2026-06-28T17:16:15.025Z</time></trkpt><trkpt lat="19.148034" lon="-98.637245"><ele>4464.627</ele><time>2026-06-28T17:16:23.025Z</time></trkpt><trkpt lat="19.147998" lon="-98.637275"><ele>4462.933</ele><time>2026-06-28T17:16:30.025Z</time></trkpt><trkpt lat="19.147965" lon="-98.637312"><ele>4461.474</ele><time>2026-06-28T17:16:41.025Z</time></trkpt><trkpt lat="19.147920" lon="-98.637332"><ele>4460.182</ele><time>2026-06-28T17:16:49.025Z</time></trkpt><trkpt lat="19.147892" lon="-98.637375"><ele>4458.415</ele><time>2026-06-28T17:16:58.026Z</time></trkpt><trkpt lat="19.147887" lon="-98.637429"><ele>4456.664</ele><time>2026-06-28T17:17:08.026Z</time></trkpt><trkpt lat="19.147848" lon="-98.637465"><ele>4454.572</ele><time>2026-06-28T17:17:20.026Z</time></trkpt><trkpt lat="19.147807" lon="-98.637498"><ele>4452.051</ele><time>2026-06-28T17:17:27.026Z</time></trkpt><trkpt lat="19.147760" lon="-98.637528"><ele>4450.601</ele><time>2026-06-28T17:17:41.026Z</time></trkpt><trkpt lat="19.147713" lon="-98.637559"><ele>4449.511</ele><time>2026-06-28T17:17:44.026Z</time></trkpt><trkpt lat="19.147673" lon="-98.637585"><ele>4447.509</ele><time>2026-06-28T17:17:51.026Z</time></trkpt><trkpt lat="19.147640" lon="-98.637617"><ele>4445.637</ele><time>2026-06-28T17:18:01.026Z</time></trkpt><trkpt lat="19.147585" lon="-98.637635"><ele>4443.292</ele><time>2026-06-28T17:18:06.026Z</time></trkpt><trkpt lat="19.147539" lon="-98.637646"><ele>4440.731</ele><time>2026-06-28T17:18:16.026Z</time></trkpt><trkpt lat="19.147496" lon="-98.637663"><ele>4439.277</ele><time>2026-06-28T17:18:28.026Z</time></trkpt><trkpt lat="19.147453" lon="-98.637681"><ele>4438.078</ele><time>2026-06-28T17:18:47.026Z</time></trkpt><trkpt lat="19.147407" lon="-98.637695"><ele>4436.866</ele><time>2026-06-28T17:18:51.026Z</time></trkpt><trkpt lat="19.147359" lon="-98.637711"><ele>4435.869</ele><time>2026-06-28T17:18:56.026Z</time></trkpt><trkpt lat="19.147316" lon="-98.637731"><ele>4435.058</ele><time>2026-06-28T17:18:59.026Z</time></trkpt><trkpt lat="19.147285" lon="-98.637768"><ele>4433.976</ele><time>2026-06-28T17:19:13.026Z</time></trkpt><trkpt lat="19.147235" lon="-98.637783"><ele>4432.992</ele><time>2026-06-28T17:19:22.026Z</time></trkpt><trkpt lat="19.147194" lon="-98.637810"><ele>4431.873</ele><time>2026-06-28T17:19:45.026Z</time></trkpt><trkpt lat="19.147143" lon="-98.637824"><ele>4430.220</ele><time>2026-06-28T17:20:04.026Z</time></trkpt><trkpt lat="19.147102" lon="-98.637846"><ele>4428.309</ele><time>2026-06-28T17:20:18.026Z</time></trkpt><trkpt lat="19.147051" lon="-98.637861"><ele>4426.571</ele><time>2026-06-28T17:20:30.026Z</time></trkpt><trkpt lat="19.147010" lon="-98.637882"><ele>4424.856</ele><time>2026-06-28T17:20:37.026Z</time></trkpt><trkpt lat="19.146963" lon="-98.637885"><ele>4423.085</ele><time>2026-06-28T17:20:40.026Z</time></trkpt><trkpt lat="19.146922" lon="-98.637907"><ele>4421.431</ele><time>2026-06-28T17:20:45.026Z</time></trkpt><trkpt lat="19.146882" lon="-98.637949"><ele>4420.362</ele><time>2026-06-28T17:20:52.026Z</time></trkpt><trkpt lat="19.146848" lon="-98.637980"><ele>4419.530</ele><time>2026-06-28T17:20:57.026Z</time></trkpt><trkpt lat="19.146799" lon="-98.637992"><ele>4418.063</ele><time>2026-06-28T17:21:03.026Z</time></trkpt><trkpt lat="19.146744" lon="-98.637998"><ele>4416.542</ele><time>2026-06-28T17:21:08.026Z</time></trkpt><trkpt lat="19.146696" lon="-98.638018"><ele>4415.480</ele><time>2026-06-28T17:21:13.026Z</time></trkpt><trkpt lat="19.146664" lon="-98.638058"><ele>4414.673</ele><time>2026-06-28T17:21:19.026Z</time></trkpt><trkpt lat="19.146623" lon="-98.638092"><ele>4414.385</ele><time>2026-06-28T17:21:26.026Z</time></trkpt><trkpt lat="19.146568" lon="-98.638102"><ele>4414.213</ele><time>2026-06-28T17:21:32.027Z</time></trkpt><trkpt lat="19.146522" lon="-98.638117"><ele>4413.909</ele><time>2026-06-28T17:21:36.027Z</time></trkpt><trkpt lat="19.146470" lon="-98.638149"><ele>4413.229</ele><time>2026-06-28T17:21:40.027Z</time></trkpt><trkpt lat="19.146428" lon="-98.638176"><ele>4412.484</ele><time>2026-06-28T17:21:44.027Z</time></trkpt><trkpt lat="19.146381" lon="-98.638184"><ele>4411.663</ele><time>2026-06-28T17:21:48.027Z</time></trkpt><trkpt lat="19.146327" lon="-98.638184"><ele>4410.979</ele><time>2026-06-28T17:21:52.027Z</time></trkpt><trkpt lat="19.146277" lon="-98.638185"><ele>4410.350</ele><time>2026-06-28T17:21:56.027Z</time></trkpt><trkpt lat="19.146223" lon="-98.638182"><ele>4409.678</ele><time>2026-06-28T17:22:01.027Z</time></trkpt><trkpt lat="19.146194" lon="-98.638227"><ele>4408.881</ele><time>2026-06-28T17:22:06.027Z</time></trkpt><trkpt lat="19.146179" lon="-98.638275"><ele>4408.420</ele><time>2026-06-28T17:22:38.027Z</time></trkpt><trkpt lat="19.146149" lon="-98.638314"><ele>4408.368</ele><time>2026-06-28T17:22:49.027Z</time></trkpt><trkpt lat="19.146118" lon="-98.638362"><ele>4408.399</ele><time>2026-06-28T17:23:04.027Z</time></trkpt><trkpt lat="19.146095" lon="-98.638407"><ele>4408.007</ele><time>2026-06-28T17:23:11.027Z</time></trkpt><trkpt lat="19.146054" lon="-98.638432"><ele>4407.727</ele><time>2026-06-28T17:23:17.027Z</time></trkpt><trkpt lat="19.146030" lon="-98.638485"><ele>4407.709</ele><time>2026-06-28T17:23:25.027Z</time></trkpt><trkpt lat="19.146026" lon="-98.638537"><ele>4407.621</ele><time>2026-06-28T17:23:34.027Z</time></trkpt><trkpt lat="19.145993" lon="-98.638578"><ele>4407.676</ele><time>2026-06-28T17:23:39.028Z</time></trkpt><trkpt lat="19.145965" lon="-98.638617"><ele>4407.475</ele><time>2026-06-28T17:23:48.028Z</time></trkpt><trkpt lat="19.145938" lon="-98.638656"><ele>4406.531</ele><time>2026-06-28T17:23:55.028Z</time></trkpt><trkpt lat="19.145901" lon="-98.638695"><ele>4405.652</ele><time>2026-06-28T17:24:01.028Z</time></trkpt><trkpt lat="19.145865" lon="-98.638734"><ele>4404.950</ele><time>2026-06-28T17:24:13.028Z</time></trkpt><trkpt lat="19.145823" lon="-98.638757"><ele>4404.043</ele><time>2026-06-28T17:24:21.028Z</time></trkpt><trkpt lat="19.145780" lon="-98.638791"><ele>4402.892</ele><time>2026-06-28T17:24:30.028Z</time></trkpt><trkpt lat="19.145727" lon="-98.638791"><ele>4401.520</ele><time>2026-06-28T17:24:36.028Z</time></trkpt><trkpt lat="19.145679" lon="-98.638785"><ele>4400.549</ele><time>2026-06-28T17:24:44.028Z</time></trkpt><trkpt lat="19.145639" lon="-98.638811"><ele>4399.602</ele><time>2026-06-28T17:24:55.028Z</time></trkpt><trkpt lat="19.145595" lon="-98.638839"><ele>4399.122</ele><time>2026-06-28T17:25:02.028Z</time></trkpt><trkpt lat="19.145563" lon="-98.638876"><ele>4398.909</ele><time>2026-06-28T17:25:11.028Z</time></trkpt><trkpt lat="19.145515" lon="-98.638921"><ele>4398.666</ele><time>2026-06-28T17:25:20.028Z</time></trkpt><trkpt lat="19.145468" lon="-98.638923"><ele>4398.021</ele><time>2026-06-28T17:25:28.028Z</time></trkpt><trkpt lat="19.145445" lon="-98.638968"><ele>4397.560</ele><time>2026-06-28T17:25:44.028Z</time></trkpt><trkpt lat="19.145412" lon="-98.639011"><ele>4397.276</ele><time>2026-06-28T17:26:06.028Z</time></trkpt><trkpt lat="19.145389" lon="-98.639055"><ele>4396.467</ele><time>2026-06-28T17:26:14.028Z</time></trkpt><trkpt lat="19.145339" lon="-98.639061"><ele>4394.745</ele><time>2026-06-28T17:26:31.028Z</time></trkpt><trkpt lat="19.145294" lon="-98.639080"><ele>4392.678</ele><time>2026-06-28T17:26:46.028Z</time></trkpt><trkpt lat="19.145295" lon="-98.639130"><ele>4390.617</ele><time>2026-06-28T17:27:22.028Z</time></trkpt><trkpt lat="19.145266" lon="-98.639174"><ele>4388.175</ele><time>2026-06-28T17:27:30.028Z</time></trkpt><trkpt lat="19.145225" lon="-98.639196"><ele>4385.539</ele><time>2026-06-28T17:27:51.028Z</time></trkpt><trkpt lat="19.145200" lon="-98.639244"><ele>4383.601</ele><time>2026-06-28T17:27:58.028Z</time></trkpt><trkpt lat="19.145181" lon="-98.639292"><ele>4381.321</ele><time>2026-06-28T17:28:04.028Z</time></trkpt><trkpt lat="19.145148" lon="-98.639330"><ele>4379.009</ele><time>2026-06-28T17:28:17.028Z</time></trkpt><trkpt lat="19.145124" lon="-98.639372"><ele>4377.245</ele><time>2026-06-28T17:42:43.028Z</time></trkpt><trkpt lat="19.145081" lon="-98.639404"><ele>4375.430</ele><time>2026-06-28T17:42:58.029Z</time></trkpt><trkpt lat="19.145030" lon="-98.639399"><ele>4373.539</ele><time>2026-06-28T17:43:06.029Z</time></trkpt><trkpt lat="19.145020" lon="-98.639351"><ele>4372.095</ele><time>2026-06-28T17:43:27.029Z</time></trkpt><trkpt lat="19.144985" lon="-98.639311"><ele>4370.896</ele><time>2026-06-28T17:43:51.029Z</time></trkpt><trkpt lat="19.144963" lon="-98.639269"><ele>4369.494</ele><time>2026-06-28T17:44:02.029Z</time></trkpt><trkpt lat="19.144918" lon="-98.639294"><ele>4367.547</ele><time>2026-06-28T17:44:17.029Z</time></trkpt><trkpt lat="19.144880" lon="-98.639320"><ele>4365.726</ele><time>2026-06-28T17:44:29.029Z</time></trkpt><trkpt lat="19.144839" lon="-98.639341"><ele>4364.084</ele><time>2026-06-28T17:44:40.030Z</time></trkpt><trkpt lat="19.144803" lon="-98.639373"><ele>4362.118</ele><time>2026-06-28T17:44:47.030Z</time></trkpt><trkpt lat="19.144764" lon="-98.639401"><ele>4360.498</ele><time>2026-06-28T17:45:09.030Z</time></trkpt><trkpt lat="19.144725" lon="-98.639428"><ele>4358.917</ele><time>2026-06-28T17:45:17.030Z</time></trkpt><trkpt lat="19.144687" lon="-98.639458"><ele>4357.209</ele><time>2026-06-28T17:45:23.030Z</time></trkpt><trkpt lat="19.144640" lon="-98.639478"><ele>4354.973</ele><time>2026-06-28T17:45:36.030Z</time></trkpt><trkpt lat="19.144589" lon="-98.639467"><ele>4353.298</ele><time>2026-06-28T17:45:44.030Z</time></trkpt><trkpt lat="19.144558" lon="-98.639508"><ele>4351.427</ele><time>2026-06-28T17:45:57.030Z</time></trkpt><trkpt lat="19.144517" lon="-98.639530"><ele>4349.213</ele><time>2026-06-28T17:46:08.030Z</time></trkpt><trkpt lat="19.144473" lon="-98.639539"><ele>4347.014</ele><time>2026-06-28T17:46:28.030Z</time></trkpt><trkpt lat="19.144421" lon="-98.639534"><ele>4344.912</ele><time>2026-06-28T17:46:35.030Z</time></trkpt><trkpt lat="19.144380" lon="-98.639567"><ele>4342.435</ele><time>2026-06-28T17:46:44.031Z</time></trkpt><trkpt lat="19.144330" lon="-98.639571"><ele>4340.344</ele><time>2026-06-28T17:46:59.031Z</time></trkpt><trkpt lat="19.144308" lon="-98.639616"><ele>4338.432</ele><time>2026-06-28T17:47:16.031Z</time></trkpt><trkpt lat="19.144280" lon="-98.639659"><ele>4336.087</ele><time>2026-06-28T17:47:21.031Z</time></trkpt><trkpt lat="19.144232" lon="-98.639696"><ele>4333.742</ele><time>2026-06-28T17:47:29.031Z</time></trkpt><trkpt lat="19.144179" lon="-98.639729"><ele>4332.326</ele><time>2026-06-28T17:47:35.031Z</time></trkpt><trkpt lat="19.144140" lon="-98.639705"><ele>4330.809</ele><time>2026-06-28T17:48:00.031Z</time></trkpt><trkpt lat="19.144110" lon="-98.639745"><ele>4328.570</ele><time>2026-06-28T17:48:06.031Z</time></trkpt><trkpt lat="19.144068" lon="-98.639772"><ele>4326.015</ele><time>2026-06-28T17:48:11.031Z</time></trkpt><trkpt lat="19.144066" lon="-98.639825"><ele>4323.964</ele><time>2026-06-28T17:48:14.031Z</time></trkpt><trkpt lat="19.144030" lon="-98.639796"><ele>4322.150</ele><time>2026-06-28T17:48:48.031Z</time></trkpt><trkpt lat="19.144014" lon="-98.639849"><ele>4320.421</ele><time>2026-06-28T17:48:56.031Z</time></trkpt><trkpt lat="19.143966" lon="-98.639845"><ele>4318.439</ele><time>2026-06-28T17:49:09.031Z</time></trkpt><trkpt lat="19.143919" lon="-98.639870"><ele>4316.772</ele><time>2026-06-28T17:49:20.031Z</time></trkpt><trkpt lat="19.143872" lon="-98.639881"><ele>4314.651</ele><time>2026-06-28T17:49:27.031Z</time></trkpt><trkpt lat="19.143841" lon="-98.639921"><ele>4311.749</ele><time>2026-06-28T17:49:41.031Z</time></trkpt><trkpt lat="19.143824" lon="-98.639965"><ele>4309.897</ele><time>2026-06-28T17:49:47.031Z</time></trkpt><trkpt lat="19.143792" lon="-98.640003"><ele>4307.523</ele><time>2026-06-28T17:50:04.031Z</time></trkpt><trkpt lat="19.143758" lon="-98.640039"><ele>4305.525</ele><time>2026-06-28T17:50:13.031Z</time></trkpt><trkpt lat="19.143730" lon="-98.640081"><ele>4304.009</ele><time>2026-06-28T17:50:29.031Z</time></trkpt><trkpt lat="19.143680" lon="-98.640098"><ele>4301.511</ele><time>2026-06-28T17:50:44.031Z</time></trkpt><trkpt lat="19.143640" lon="-98.640069"><ele>4299.316</ele><time>2026-06-28T17:50:53.031Z</time></trkpt><trkpt lat="19.143608" lon="-98.640112"><ele>4296.915</ele><time>2026-06-28T17:51:04.031Z</time></trkpt><trkpt lat="19.143572" lon="-98.640152"><ele>4294.451</ele><time>2026-06-28T17:51:17.031Z</time></trkpt><trkpt lat="19.143523" lon="-98.640132"><ele>4292.432</ele><time>2026-06-28T17:51:26.031Z</time></trkpt><trkpt lat="19.143507" lon="-98.640182"><ele>4289.980</ele><time>2026-06-28T17:51:55.031Z</time></trkpt><trkpt lat="19.143461" lon="-98.640185"><ele>4287.543</ele><time>2026-06-28T17:52:13.031Z</time></trkpt><trkpt lat="19.143459" lon="-98.640234"><ele>4285.522</ele><time>2026-06-28T17:53:27.031Z</time></trkpt><trkpt lat="19.143433" lon="-98.640277"><ele>4283.680</ele><time>2026-06-28T17:53:43.031Z</time></trkpt><trkpt lat="19.143425" lon="-98.640324"><ele>4281.723</ele><time>2026-06-28T17:53:47.031Z</time></trkpt><trkpt lat="19.143393" lon="-98.640367"><ele>4279.583</ele><time>2026-06-28T17:53:54.031Z</time></trkpt><trkpt lat="19.143347" lon="-98.640390"><ele>4277.811</ele><time>2026-06-28T17:54:04.031Z</time></trkpt><trkpt lat="19.143307" lon="-98.640413"><ele>4276.709</ele><time>2026-06-28T17:54:14.031Z</time></trkpt><trkpt lat="19.143278" lon="-98.640451"><ele>4275.014</ele><time>2026-06-28T17:54:19.031Z</time></trkpt><trkpt lat="19.143260" lon="-98.640500"><ele>4273.089</ele><time>2026-06-28T17:54:24.031Z</time></trkpt><trkpt lat="19.143226" lon="-98.640535"><ele>4271.748</ele><time>2026-06-28T17:54:29.031Z</time></trkpt><trkpt lat="19.143197" lon="-98.640577"><ele>4270.824</ele><time>2026-06-28T17:54:49.031Z</time></trkpt><trkpt lat="19.143149" lon="-98.640563"><ele>4269.545</ele><time>2026-06-28T17:55:08.031Z</time></trkpt><trkpt lat="19.143125" lon="-98.640607"><ele>4268.153</ele><time>2026-06-28T17:55:17.031Z</time></trkpt><trkpt lat="19.143098" lon="-98.640648"><ele>4265.636</ele><time>2026-06-28T17:55:28.031Z</time></trkpt><trkpt lat="19.143077" lon="-98.640697"><ele>4262.975</ele><time>2026-06-28T17:55:37.031Z</time></trkpt><trkpt lat="19.143044" lon="-98.640733"><ele>4261.053</ele><time>2026-06-28T17:55:44.031Z</time></trkpt><trkpt lat="19.143024" lon="-98.640776"><ele>4259.269</ele><time>2026-06-28T17:55:58.031Z</time></trkpt><trkpt lat="19.142980" lon="-98.640787"><ele>4257.604</ele><time>2026-06-28T17:56:09.031Z</time></trkpt><trkpt lat="19.142971" lon="-98.640835"><ele>4255.824</ele><time>2026-06-28T17:56:15.031Z</time></trkpt><trkpt lat="19.142956" lon="-98.640881"><ele>4253.909</ele><time>2026-06-28T17:56:21.031Z</time></trkpt><trkpt lat="19.142934" lon="-98.640927"><ele>4252.478</ele><time>2026-06-28T17:56:27.031Z</time></trkpt><trkpt lat="19.142934" lon="-98.640976"><ele>4251.383</ele><time>2026-06-28T17:56:35.031Z</time></trkpt><trkpt lat="19.142912" lon="-98.641026"><ele>4250.252</ele><time>2026-06-28T17:56:40.031Z</time></trkpt><trkpt lat="19.142895" lon="-98.641077"><ele>4249.158</ele><time>2026-06-28T17:56:45.031Z</time></trkpt><trkpt lat="19.142867" lon="-98.641125"><ele>4248.129</ele><time>2026-06-28T17:56:50.031Z</time></trkpt><trkpt lat="19.142850" lon="-98.641177"><ele>4247.497</ele><time>2026-06-28T17:56:54.031Z</time></trkpt><trkpt lat="19.142830" lon="-98.641225"><ele>4247.150</ele><time>2026-06-28T17:56:59.031Z</time></trkpt><trkpt lat="19.142806" lon="-98.641272"><ele>4247.079</ele><time>2026-06-28T17:57:03.031Z</time></trkpt><trkpt lat="19.142791" lon="-98.641330"><ele>4246.587</ele><time>2026-06-28T17:57:08.031Z</time></trkpt><trkpt lat="19.142783" lon="-98.641385"><ele>4245.669</ele><time>2026-06-28T17:57:14.032Z</time></trkpt><trkpt lat="19.142792" lon="-98.641434"><ele>4244.604</ele><time>2026-06-28T17:57:19.032Z</time></trkpt><trkpt lat="19.142785" lon="-98.641486"><ele>4244.124</ele><time>2026-06-28T17:57:25.032Z</time></trkpt><trkpt lat="19.142758" lon="-98.641537"><ele>4244.109</ele><time>2026-06-28T17:57:30.032Z</time></trkpt><trkpt lat="19.142746" lon="-98.641591"><ele>4243.828</ele><time>2026-06-28T17:57:35.032Z</time></trkpt><trkpt lat="19.142751" lon="-98.641639"><ele>4243.623</ele><time>2026-06-28T17:57:41.032Z</time></trkpt><trkpt lat="19.142743" lon="-98.641688"><ele>4244.022</ele><time>2026-06-28T17:57:46.032Z</time></trkpt><trkpt lat="19.142741" lon="-98.641741"><ele>4244.348</ele><time>2026-06-28T17:57:52.032Z</time></trkpt><trkpt lat="19.142723" lon="-98.641786"><ele>4244.339</ele><time>2026-06-28T17:58:00.032Z</time></trkpt><trkpt lat="19.142706" lon="-98.641841"><ele>4244.557</ele><time>2026-06-28T17:58:10.032Z</time></trkpt><trkpt lat="19.142712" lon="-98.641889"><ele>4244.960</ele><time>2026-06-28T17:58:29.032Z</time></trkpt><trkpt lat="19.142717" lon="-98.641939"><ele>4245.639</ele><time>2026-06-28T18:07:27.031Z</time></trkpt><trkpt lat="19.142677" lon="-98.641965"><ele>4246.627</ele><time>2026-06-28T18:07:43.031Z</time></trkpt><trkpt lat="19.142635" lon="-98.641983"><ele>4246.642</ele><time>2026-06-28T18:08:20.031Z</time></trkpt><trkpt lat="19.142625" lon="-98.642033"><ele>4246.622</ele><time>2026-06-28T18:08:40.032Z</time></trkpt><trkpt lat="19.142588" lon="-98.642062"><ele>4246.014</ele><time>2026-06-28T18:08:48.032Z</time></trkpt><trkpt lat="19.142560" lon="-98.642113"><ele>4243.709</ele><time>2026-06-28T18:09:05.032Z</time></trkpt><trkpt lat="19.142508" lon="-98.642110"><ele>4241.866</ele><time>2026-06-28T18:09:24.032Z</time></trkpt><trkpt lat="19.142502" lon="-98.642159"><ele>4240.361</ele><time>2026-06-28T18:09:51.032Z</time></trkpt><trkpt lat="19.142469" lon="-98.642194"><ele>4238.510</ele><time>2026-06-28T18:10:08.032Z</time></trkpt><trkpt lat="19.142446" lon="-98.642236"><ele>4236.196</ele><time>2026-06-28T18:10:25.032Z</time></trkpt><trkpt lat="19.142399" lon="-98.642232"><ele>4233.487</ele><time>2026-06-28T18:10:31.032Z</time></trkpt><trkpt lat="19.142350" lon="-98.642214"><ele>4230.865</ele><time>2026-06-28T18:10:39.032Z</time></trkpt><trkpt lat="19.142307" lon="-98.642244"><ele>4228.768</ele><time>2026-06-28T18:10:53.032Z</time></trkpt><trkpt lat="19.142259" lon="-98.642243"><ele>4227.697</ele><time>2026-06-28T18:11:00.032Z</time></trkpt><trkpt lat="19.142209" lon="-98.642227"><ele>4226.135</ele><time>2026-06-28T18:11:10.032Z</time></trkpt><trkpt lat="19.142160" lon="-98.642230"><ele>4224.225</ele><time>2026-06-28T18:11:24.032Z</time></trkpt><trkpt lat="19.142118" lon="-98.642251"><ele>4223.026</ele><time>2026-06-28T18:11:36.032Z</time></trkpt><trkpt lat="19.142067" lon="-98.642263"><ele>4222.108</ele><time>2026-06-28T18:11:49.032Z</time></trkpt><trkpt lat="19.142040" lon="-98.642304"><ele>4221.109</ele><time>2026-06-28T18:12:08.032Z</time></trkpt><trkpt lat="19.141990" lon="-98.642291"><ele>4219.834</ele><time>2026-06-28T18:12:12.032Z</time></trkpt><trkpt lat="19.141944" lon="-98.642316"><ele>4217.859</ele><time>2026-06-28T18:12:18.032Z</time></trkpt><trkpt lat="19.141891" lon="-98.642313"><ele>4216.398</ele><time>2026-06-28T18:12:23.032Z</time></trkpt><trkpt lat="19.141850" lon="-98.642354"><ele>4215.574</ele><time>2026-06-28T18:12:31.032Z</time></trkpt><trkpt lat="19.141812" lon="-98.642382"><ele>4214.495</ele><time>2026-06-28T18:12:45.032Z</time></trkpt><trkpt lat="19.141779" lon="-98.642416"><ele>4213.473</ele><time>2026-06-28T18:12:53.032Z</time></trkpt><trkpt lat="19.141757" lon="-98.642458"><ele>4211.656</ele><time>2026-06-28T18:13:00.032Z</time></trkpt><trkpt lat="19.141723" lon="-98.642491"><ele>4209.455</ele><time>2026-06-28T18:13:06.032Z</time></trkpt><trkpt lat="19.141673" lon="-98.642519"><ele>4208.043</ele><time>2026-06-28T18:13:13.032Z</time></trkpt><trkpt lat="19.141626" lon="-98.642521"><ele>4206.526</ele><time>2026-06-28T18:13:18.032Z</time></trkpt><trkpt lat="19.141580" lon="-98.642524"><ele>4204.847</ele><time>2026-06-28T18:13:25.032Z</time></trkpt><trkpt lat="19.141549" lon="-98.642562"><ele>4203.311</ele><time>2026-06-28T18:13:40.032Z</time></trkpt><trkpt lat="19.141502" lon="-98.642568"><ele>4201.809</ele><time>2026-06-28T18:13:54.032Z</time></trkpt><trkpt lat="19.141473" lon="-98.642606"><ele>4200.324</ele><time>2026-06-28T18:14:04.032Z</time></trkpt><trkpt lat="19.141433" lon="-98.642630"><ele>4199.159</ele><time>2026-06-28T18:14:11.032Z</time></trkpt><trkpt lat="19.141384" lon="-98.642641"><ele>4198.018</ele><time>2026-06-28T18:14:17.032Z</time></trkpt><trkpt lat="19.141342" lon="-98.642670"><ele>4196.814</ele><time>2026-06-28T18:14:25.032Z</time></trkpt><trkpt lat="19.141312" lon="-98.642714"><ele>4195.995</ele><time>2026-06-28T18:14:35.032Z</time></trkpt><trkpt lat="19.141269" lon="-98.642743"><ele>4194.863</ele><time>2026-06-28T18:14:44.032Z</time></trkpt><trkpt lat="19.141240" lon="-98.642785"><ele>4193.226</ele><time>2026-06-28T18:14:52.032Z</time></trkpt><trkpt lat="19.141198" lon="-98.642805"><ele>4191.275</ele><time>2026-06-28T18:15:02.032Z</time></trkpt><trkpt lat="19.141171" lon="-98.642849"><ele>4189.433</ele><time>2026-06-28T18:15:09.032Z</time></trkpt><trkpt lat="19.141128" lon="-98.642878"><ele>4187.536</ele><time>2026-06-28T18:15:16.032Z</time></trkpt><trkpt lat="19.141102" lon="-98.642920"><ele>4185.617</ele><time>2026-06-28T18:15:26.032Z</time></trkpt><trkpt lat="19.141060" lon="-98.642938"><ele>4184.118</ele><time>2026-06-28T18:15:37.032Z</time></trkpt><trkpt lat="19.141023" lon="-98.642968"><ele>4182.309</ele><time>2026-06-28T18:15:42.032Z</time></trkpt><trkpt lat="19.140970" lon="-98.642982"><ele>4180.495</ele><time>2026-06-28T18:15:48.032Z</time></trkpt><trkpt lat="19.140937" lon="-98.643020"><ele>4179.230</ele><time>2026-06-28T18:15:52.032Z</time></trkpt><trkpt lat="19.140895" lon="-98.643044"><ele>4178.339</ele><time>2026-06-28T18:15:56.032Z</time></trkpt><trkpt lat="19.140860" lon="-98.643078"><ele>4177.265</ele><time>2026-06-28T18:16:01.032Z</time></trkpt><trkpt lat="19.140822" lon="-98.643114"><ele>4176.256</ele><time>2026-06-28T18:16:06.033Z</time></trkpt><trkpt lat="19.140787" lon="-98.643144"><ele>4175.274</ele><time>2026-06-28T18:16:09.033Z</time></trkpt><trkpt lat="19.140767" lon="-98.643192"><ele>4174.187</ele><time>2026-06-28T18:16:14.033Z</time></trkpt><trkpt lat="19.140716" lon="-98.643217"><ele>4173.146</ele><time>2026-06-28T18:16:26.033Z</time></trkpt><trkpt lat="19.140676" lon="-98.643242"><ele>4172.174</ele><time>2026-06-28T18:16:33.033Z</time></trkpt><trkpt lat="19.140635" lon="-98.643274"><ele>4171.182</ele><time>2026-06-28T18:16:38.033Z</time></trkpt><trkpt lat="19.140593" lon="-98.643310"><ele>4170.243</ele><time>2026-06-28T18:16:43.033Z</time></trkpt><trkpt lat="19.140550" lon="-98.643340"><ele>4169.317</ele><time>2026-06-28T18:17:08.033Z</time></trkpt><trkpt lat="19.140519" lon="-98.643376"><ele>4168.309</ele><time>2026-06-28T18:17:25.033Z</time></trkpt><trkpt lat="19.140475" lon="-98.643399"><ele>4166.530</ele><time>2026-06-28T18:17:28.033Z</time></trkpt><trkpt lat="19.140421" lon="-98.643404"><ele>4164.115</ele><time>2026-06-28T18:17:32.033Z</time></trkpt><trkpt lat="19.140384" lon="-98.643441"><ele>4162.744</ele><time>2026-06-28T18:17:36.033Z</time></trkpt><trkpt lat="19.140341" lon="-98.643470"><ele>4162.150</ele><time>2026-06-28T18:17:44.033Z</time></trkpt><trkpt lat="19.140307" lon="-98.643505"><ele>4161.251</ele><time>2026-06-28T18:17:49.033Z</time></trkpt><trkpt lat="19.140278" lon="-98.643551"><ele>4160.149</ele><time>2026-06-28T18:17:55.033Z</time></trkpt><trkpt lat="19.140235" lon="-98.643566"><ele>4159.252</ele><time>2026-06-28T18:18:02.033Z</time></trkpt><trkpt lat="19.140221" lon="-98.643616"><ele>4158.321</ele><time>2026-06-28T18:18:08.033Z</time></trkpt><trkpt lat="19.140183" lon="-98.643654"><ele>4157.459</ele><time>2026-06-28T18:18:14.033Z</time></trkpt><trkpt lat="19.140159" lon="-98.643699"><ele>4156.587</ele><time>2026-06-28T18:18:22.033Z</time></trkpt><trkpt lat="19.140131" lon="-98.643739"><ele>4155.342</ele><time>2026-06-28T18:18:28.033Z</time></trkpt><trkpt lat="19.140091" lon="-98.643769"><ele>4154.026</ele><time>2026-06-28T18:18:35.033Z</time></trkpt><trkpt lat="19.140050" lon="-98.643810"><ele>4152.709</ele><time>2026-06-28T18:18:39.033Z</time></trkpt><trkpt lat="19.140016" lon="-98.643848"><ele>4151.250</ele><time>2026-06-28T18:18:52.033Z</time></trkpt><trkpt lat="19.139972" lon="-98.643887"><ele>4150.045</ele><time>2026-06-28T18:18:55.033Z</time></trkpt><trkpt lat="19.139934" lon="-98.643927"><ele>4148.644</ele><time>2026-06-28T18:18:59.033Z</time></trkpt><trkpt lat="19.139895" lon="-98.643951"><ele>4147.370</ele><time>2026-06-28T18:19:03.033Z</time></trkpt><trkpt lat="19.139850" lon="-98.643944"><ele>4146.591</ele><time>2026-06-28T18:19:10.033Z</time></trkpt><trkpt lat="19.139805" lon="-98.643958"><ele>4145.419</ele><time>2026-06-28T18:19:20.033Z</time></trkpt><trkpt lat="19.139749" lon="-98.643973"><ele>4144.422</ele><time>2026-06-28T18:19:25.033Z</time></trkpt><trkpt lat="19.139698" lon="-98.644009"><ele>4143.171</ele><time>2026-06-28T18:19:36.033Z</time></trkpt><trkpt lat="19.139665" lon="-98.644053"><ele>4141.949</ele><time>2026-06-28T18:19:43.033Z</time></trkpt><trkpt lat="19.139631" lon="-98.644086"><ele>4141.086</ele><time>2026-06-28T18:19:48.033Z</time></trkpt><trkpt lat="19.139627" lon="-98.644144"><ele>4138.860</ele><time>2026-06-28T18:19:57.033Z</time></trkpt><trkpt lat="19.139577" lon="-98.644141"><ele>4138.426</ele><time>2026-06-28T18:21:03.033Z</time></trkpt><trkpt lat="19.139527" lon="-98.644162"><ele>4137.409</ele><time>2026-06-28T18:21:10.033Z</time></trkpt><trkpt lat="19.139487" lon="-98.644208"><ele>4136.550</ele><time>2026-06-28T18:21:15.033Z</time></trkpt><trkpt lat="19.139451" lon="-98.644250"><ele>4135.955</ele><time>2026-06-28T18:21:19.033Z</time></trkpt><trkpt lat="19.139415" lon="-98.644306"><ele>4135.414</ele><time>2026-06-28T18:21:24.033Z</time></trkpt><trkpt lat="19.139400" lon="-98.644351"><ele>4134.640</ele><time>2026-06-28T18:21:27.033Z</time></trkpt><trkpt lat="19.139374" lon="-98.644399"><ele>4133.271</ele><time>2026-06-28T18:21:32.033Z</time></trkpt><trkpt lat="19.139329" lon="-98.644431"><ele>4132.869</ele><time>2026-06-28T18:21:39.033Z</time></trkpt><trkpt lat="19.139297" lon="-98.644484"><ele>4131.652</ele><time>2026-06-28T18:21:44.033Z</time></trkpt><trkpt lat="19.139267" lon="-98.644521"><ele>4131.351</ele><time>2026-06-28T18:21:48.033Z</time></trkpt><trkpt lat="19.139253" lon="-98.644568"><ele>4130.549</ele><time>2026-06-28T18:21:56.033Z</time></trkpt><trkpt lat="19.139240" lon="-98.644622"><ele>4129.673</ele><time>2026-06-28T18:22:02.033Z</time></trkpt><trkpt lat="19.139219" lon="-98.644666"><ele>4128.785</ele><time>2026-06-28T18:22:06.033Z</time></trkpt><trkpt lat="19.139191" lon="-98.644718"><ele>4127.813</ele><time>2026-06-28T18:22:26.033Z</time></trkpt><trkpt lat="19.139163" lon="-98.644761"><ele>4126.909</ele><time>2026-06-28T18:22:33.033Z</time></trkpt><trkpt lat="19.139136" lon="-98.644811"><ele>4125.599</ele><time>2026-06-28T18:22:42.033Z</time></trkpt><trkpt lat="19.139100" lon="-98.644841"><ele>4124.094</ele><time>2026-06-28T18:22:49.033Z</time></trkpt><trkpt lat="19.139061" lon="-98.644878"><ele>4122.483</ele><time>2026-06-28T18:22:57.033Z</time></trkpt><trkpt lat="19.139022" lon="-98.644914"><ele>4120.839</ele><time>2026-06-28T18:23:08.033Z</time></trkpt><trkpt lat="19.139050" lon="-98.644964"><ele>4119.350</ele><time>2026-06-28T18:23:14.033Z</time></trkpt><trkpt lat="19.138999" lon="-98.644961"><ele>4117.638</ele><time>2026-06-28T18:23:21.033Z</time></trkpt><trkpt lat="19.138952" lon="-98.644945"><ele>4115.961</ele><time>2026-06-28T18:23:35.033Z</time></trkpt><trkpt lat="19.138915" lon="-98.644981"><ele>4114.740</ele><time>2026-06-28T18:23:42.033Z</time></trkpt><trkpt lat="19.138876" lon="-98.645009"><ele>4114.248</ele><time>2026-06-28T18:23:46.033Z</time></trkpt><trkpt lat="19.138831" lon="-98.645048"><ele>4113.625</ele><time>2026-06-28T18:23:49.033Z</time></trkpt><trkpt lat="19.138789" lon="-98.645103"><ele>4112.226</ele><time>2026-06-28T18:23:52.033Z</time></trkpt><trkpt lat="19.138754" lon="-98.645137"><ele>4111.808</ele><time>2026-06-28T18:23:54.033Z</time></trkpt><trkpt lat="19.138715" lon="-98.645163"><ele>4110.609</ele><time>2026-06-28T18:23:56.033Z</time></trkpt><trkpt lat="19.138678" lon="-98.645192"><ele>4109.614</ele><time>2026-06-28T18:23:58.033Z</time></trkpt><trkpt lat="19.138638" lon="-98.645227"><ele>4108.749</ele><time>2026-06-28T18:24:02.033Z</time></trkpt><trkpt lat="19.138599" lon="-98.645272"><ele>4107.688</ele><time>2026-06-28T18:24:06.033Z</time></trkpt><trkpt lat="19.138570" lon="-98.645310"><ele>4106.274</ele><time>2026-06-28T18:24:09.033Z</time></trkpt><trkpt lat="19.138531" lon="-98.645351"><ele>4104.755</ele><time>2026-06-28T18:24:13.033Z</time></trkpt><trkpt lat="19.138517" lon="-98.645398"><ele>4103.743</ele><time>2026-06-28T18:24:22.033Z</time></trkpt><trkpt lat="19.138486" lon="-98.645438"><ele>4103.096</ele><time>2026-06-28T18:24:30.033Z</time></trkpt><trkpt lat="19.138502" lon="-98.645488"><ele>4101.995</ele><time>2026-06-28T18:24:36.033Z</time></trkpt><trkpt lat="19.138462" lon="-98.645524"><ele>4100.743</ele><time>2026-06-28T18:24:42.033Z</time></trkpt><trkpt lat="19.138444" lon="-98.645569"><ele>4100.043</ele><time>2026-06-28T18:24:46.033Z</time></trkpt><trkpt lat="19.138412" lon="-98.645603"><ele>4099.364</ele><time>2026-06-28T18:24:58.033Z</time></trkpt><trkpt lat="19.138393" lon="-98.645654"><ele>4098.710</ele><time>2026-06-28T18:25:03.033Z</time></trkpt><trkpt lat="19.138367" lon="-98.645705"><ele>4097.909</ele><time>2026-06-28T18:25:08.033Z</time></trkpt><trkpt lat="19.138343" lon="-98.645747"><ele>4097.236</ele><time>2026-06-28T18:25:12.033Z</time></trkpt><trkpt lat="19.138331" lon="-98.645795"><ele>4096.731</ele><time>2026-06-28T18:25:15.033Z</time></trkpt><trkpt lat="19.138303" lon="-98.645836"><ele>4096.320</ele><time>2026-06-28T18:25:18.033Z</time></trkpt><trkpt lat="19.138303" lon="-98.645897"><ele>4095.866</ele><time>2026-06-28T18:25:22.033Z</time></trkpt><trkpt lat="19.138289" lon="-98.645944"><ele>4095.297</ele><time>2026-06-28T18:25:27.033Z</time></trkpt><trkpt lat="19.138269" lon="-98.645991"><ele>4094.595</ele><time>2026-06-28T18:25:32.033Z</time></trkpt><trkpt lat="19.138270" lon="-98.646040"><ele>4093.648</ele><time>2026-06-28T18:25:37.033Z</time></trkpt><trkpt lat="19.138255" lon="-98.646087"><ele>4092.867</ele><time>2026-06-28T18:25:41.033Z</time></trkpt><trkpt lat="19.138234" lon="-98.646131"><ele>4092.455</ele><time>2026-06-28T18:25:45.033Z</time></trkpt><trkpt lat="19.138222" lon="-98.646184"><ele>4092.069</ele><time>2026-06-28T18:25:49.033Z</time></trkpt><trkpt lat="19.138211" lon="-98.646235"><ele>4091.504</ele><time>2026-06-28T18:25:53.033Z</time></trkpt><trkpt lat="19.138193" lon="-98.646282"><ele>4090.924</ele><time>2026-06-28T18:26:03.033Z</time></trkpt><trkpt lat="19.138184" lon="-98.646340"><ele>4090.209</ele><time>2026-06-28T18:26:08.033Z</time></trkpt><trkpt lat="19.138180" lon="-98.646395"><ele>4089.578</ele><time>2026-06-28T18:26:14.033Z</time></trkpt><trkpt lat="19.138189" lon="-98.646446"><ele>4088.913</ele><time>2026-06-28T18:26:18.033Z</time></trkpt><trkpt lat="19.138199" lon="-98.646503"><ele>4088.252</ele><time>2026-06-28T18:26:23.033Z</time></trkpt><trkpt lat="19.138199" lon="-98.646557"><ele>4087.468</ele><time>2026-06-28T18:26:30.033Z</time></trkpt><trkpt lat="19.138177" lon="-98.646604"><ele>4086.669</ele><time>2026-06-28T18:26:36.034Z</time></trkpt><trkpt lat="19.138157" lon="-98.646652"><ele>4085.557</ele><time>2026-06-28T18:26:42.034Z</time></trkpt><trkpt lat="19.138137" lon="-98.646708"><ele>4084.690</ele><time>2026-06-28T18:26:50.034Z</time></trkpt><trkpt lat="19.138125" lon="-98.646756"><ele>4083.919</ele><time>2026-06-28T18:26:56.034Z</time></trkpt><trkpt lat="19.138094" lon="-98.646800"><ele>4082.837</ele><time>2026-06-28T18:27:02.034Z</time></trkpt><trkpt lat="19.138057" lon="-98.646845"><ele>4081.615</ele><time>2026-06-28T18:27:09.034Z</time></trkpt><trkpt lat="19.138030" lon="-98.646885"><ele>4080.165</ele><time>2026-06-28T18:27:14.034Z</time></trkpt><trkpt lat="19.137993" lon="-98.646918"><ele>4078.611</ele><time>2026-06-28T18:27:20.034Z</time></trkpt><trkpt lat="19.137971" lon="-98.646961"><ele>4077.509</ele><time>2026-06-28T18:27:25.034Z</time></trkpt><trkpt lat="19.137986" lon="-98.647010"><ele>4076.483</ele><time>2026-06-28T18:27:28.034Z</time></trkpt><trkpt lat="19.138006" lon="-98.647065"><ele>4075.428</ele><time>2026-06-28T18:27:33.034Z</time></trkpt><trkpt lat="19.138011" lon="-98.647117"><ele>4074.797</ele><time>2026-06-28T18:27:37.034Z</time></trkpt><trkpt lat="19.137991" lon="-98.647169"><ele>4073.873</ele><time>2026-06-28T18:27:45.034Z</time></trkpt><trkpt lat="19.137973" lon="-98.647220"><ele>4072.824</ele><time>2026-06-28T18:27:49.034Z</time></trkpt><trkpt lat="19.137945" lon="-98.647275"><ele>4072.062</ele><time>2026-06-28T18:27:52.034Z</time></trkpt><trkpt lat="19.137908" lon="-98.647307"><ele>4071.255</ele><time>2026-06-28T18:27:55.034Z</time></trkpt><trkpt lat="19.137872" lon="-98.647349"><ele>4070.534</ele><time>2026-06-28T18:28:00.034Z</time></trkpt><trkpt lat="19.137827" lon="-98.647365"><ele>4069.752</ele><time>2026-06-28T18:28:07.034Z</time></trkpt><trkpt lat="19.137802" lon="-98.647412"><ele>4068.796</ele><time>2026-06-28T18:28:11.034Z</time></trkpt><trkpt lat="19.137783" lon="-98.647459"><ele>4067.631</ele><time>2026-06-28T18:28:15.034Z</time></trkpt><trkpt lat="19.137783" lon="-98.647510"><ele>4066.724</ele><time>2026-06-28T18:28:19.034Z</time></trkpt><trkpt lat="19.137780" lon="-98.647560"><ele>4065.809</ele><time>2026-06-28T18:28:23.034Z</time></trkpt><trkpt lat="19.137782" lon="-98.647619"><ele>4064.961</ele><time>2026-06-28T18:28:28.034Z</time></trkpt><trkpt lat="19.137787" lon="-98.647678"><ele>4064.116</ele><time>2026-06-28T18:28:38.034Z</time></trkpt><trkpt lat="19.137761" lon="-98.647720"><ele>4063.125</ele><time>2026-06-28T18:28:42.034Z</time></trkpt><trkpt lat="19.137735" lon="-98.647759"><ele>4062.041</ele><time>2026-06-28T18:28:45.034Z</time></trkpt><trkpt lat="19.137712" lon="-98.647802"><ele>4061.112</ele><time>2026-06-28T18:28:48.034Z</time></trkpt><trkpt lat="19.137732" lon="-98.647852"><ele>4060.550</ele><time>2026-06-28T18:28:51.034Z</time></trkpt><trkpt lat="19.137745" lon="-98.647909"><ele>4059.963</ele><time>2026-06-28T18:28:55.034Z</time></trkpt><trkpt lat="19.137748" lon="-98.647967"><ele>4059.312</ele><time>2026-06-28T18:28:59.034Z</time></trkpt><trkpt lat="19.137732" lon="-98.648023"><ele>4058.830</ele><time>2026-06-28T18:29:03.034Z</time></trkpt><trkpt lat="19.137722" lon="-98.648077"><ele>4058.486</ele><time>2026-06-28T18:29:07.034Z</time></trkpt><trkpt lat="19.137683" lon="-98.648113"><ele>4058.060</ele><time>2026-06-28T18:29:11.034Z</time></trkpt><trkpt lat="19.137644" lon="-98.648151"><ele>4057.626</ele><time>2026-06-28T18:29:15.034Z</time></trkpt><trkpt lat="19.137599" lon="-98.648180"><ele>4057.209</ele><time>2026-06-28T18:29:19.034Z</time></trkpt><trkpt lat="19.137554" lon="-98.648203"><ele>4056.970</ele><time>2026-06-28T18:29:23.034Z</time></trkpt><trkpt lat="19.137515" lon="-98.648248"><ele>4056.555</ele><time>2026-06-28T18:29:27.034Z</time></trkpt><trkpt lat="19.137503" lon="-98.648309"><ele>4055.644</ele><time>2026-06-28T18:29:31.034Z</time></trkpt><trkpt lat="19.137470" lon="-98.648357"><ele>4055.090</ele><time>2026-06-28T18:29:35.034Z</time></trkpt><trkpt lat="19.137448" lon="-98.648405"><ele>4054.311</ele><time>2026-06-28T18:29:40.034Z</time></trkpt><trkpt lat="19.137427" lon="-98.648456"><ele>4053.639</ele><time>2026-06-28T18:29:47.034Z</time></trkpt><trkpt lat="19.137403" lon="-98.648498"><ele>4053.442</ele><time>2026-06-28T18:29:51.034Z</time></trkpt><trkpt lat="19.137369" lon="-98.648546"><ele>4053.081</ele><time>2026-06-28T18:29:57.034Z</time></trkpt><trkpt lat="19.137345" lon="-98.648592"><ele>4052.759</ele><time>2026-06-28T18:30:01.034Z</time></trkpt><trkpt lat="19.137312" lon="-98.648631"><ele>4052.437</ele><time>2026-06-28T18:30:06.034Z</time></trkpt><trkpt lat="19.137287" lon="-98.648682"><ele>4052.249</ele><time>2026-06-28T18:30:11.034Z</time></trkpt><trkpt lat="19.137258" lon="-98.648724"><ele>4052.213</ele><time>2026-06-28T18:30:17.034Z</time></trkpt><trkpt lat="19.137216" lon="-98.648755"><ele>4051.909</ele><time>2026-06-28T18:30:23.034Z</time></trkpt><trkpt lat="19.137190" lon="-98.648797"><ele>4051.075</ele><time>2026-06-28T18:30:28.034Z</time></trkpt><trkpt lat="19.137165" lon="-98.648839"><ele>4050.020</ele><time>2026-06-28T18:30:33.034Z</time></trkpt><trkpt lat="19.137130" lon="-98.648882"><ele>4049.019</ele><time>2026-06-28T18:30:37.034Z</time></trkpt><trkpt lat="19.137110" lon="-98.648935"><ele>4047.865</ele><time>2026-06-28T18:30:41.034Z</time></trkpt><trkpt lat="19.137084" lon="-98.648978"><ele>4046.876</ele><time>2026-06-28T18:30:45.035Z</time></trkpt><trkpt lat="19.137056" lon="-98.649022"><ele>4046.024</ele><time>2026-06-28T18:30:49.035Z</time></trkpt><trkpt lat="19.137021" lon="-98.649058"><ele>4045.267</ele><time>2026-06-28T18:30:53.035Z</time></trkpt><trkpt lat="19.136988" lon="-98.649100"><ele>4044.566</ele><time>2026-06-28T18:30:57.035Z</time></trkpt><trkpt lat="19.136960" lon="-98.649150"><ele>4043.964</ele><time>2026-06-28T18:31:01.035Z</time></trkpt><trkpt lat="19.136924" lon="-98.649197"><ele>4043.391</ele><time>2026-06-28T18:31:19.035Z</time></trkpt><trkpt lat="19.136864" lon="-98.649217"><ele>4041.981</ele><time>2026-06-28T18:31:23.035Z</time></trkpt><trkpt lat="19.136833" lon="-98.649272"><ele>4039.519</ele><time>2026-06-28T18:31:26.035Z</time></trkpt><trkpt lat="19.136800" lon="-98.649312"><ele>4038.009</ele><time>2026-06-28T18:31:29.035Z</time></trkpt><trkpt lat="19.136762" lon="-98.649343"><ele>4036.971</ele><time>2026-06-28T18:31:32.035Z</time></trkpt><trkpt lat="19.136735" lon="-98.649381"><ele>4036.086</ele><time>2026-06-28T18:31:48.035Z</time></trkpt><trkpt lat="19.136742" lon="-98.649431"><ele>4034.455</ele><time>2026-06-28T18:31:53.035Z</time></trkpt><trkpt lat="19.136712" lon="-98.649477"><ele>4031.821</ele><time>2026-06-28T18:31:58.035Z</time></trkpt><trkpt lat="19.136743" lon="-98.649519"><ele>4029.532</ele><time>2026-06-28T18:32:06.035Z</time></trkpt><trkpt lat="19.136733" lon="-98.649576"><ele>4028.280</ele><time>2026-06-28T18:32:16.035Z</time></trkpt><trkpt lat="19.136759" lon="-98.649617"><ele>4026.233</ele><time>2026-06-28T18:32:34.035Z</time></trkpt><trkpt lat="19.136779" lon="-98.649660"><ele>4023.842</ele><time>2026-06-28T18:32:41.035Z</time></trkpt><trkpt lat="19.136768" lon="-98.649709"><ele>4020.690</ele><time>2026-06-28T18:32:48.035Z</time></trkpt><trkpt lat="19.136756" lon="-98.649758"><ele>4018.188</ele><time>2026-06-28T18:32:53.036Z</time></trkpt><trkpt lat="19.136797" lon="-98.649780"><ele>4016.524</ele><time>2026-06-28T18:33:03.036Z</time></trkpt><trkpt lat="19.136795" lon="-98.649839"><ele>4014.526</ele><time>2026-06-28T18:33:32.036Z</time></trkpt><trkpt lat="19.136804" lon="-98.649898"><ele>4012.409</ele><time>2026-06-28T18:33:42.036Z</time></trkpt><trkpt lat="19.136839" lon="-98.649933"><ele>4010.310</ele><time>2026-06-28T18:33:51.036Z</time></trkpt><trkpt lat="19.136881" lon="-98.649952"><ele>4008.735</ele><time>2026-06-28T18:33:58.036Z</time></trkpt><trkpt lat="19.136890" lon="-98.650003"><ele>4007.414</ele><time>2026-06-28T18:36:12.037Z</time></trkpt><trkpt lat="19.136864" lon="-98.650053"><ele>4006.070</ele><time>2026-06-28T18:36:17.037Z</time></trkpt><trkpt lat="19.136844" lon="-98.650103"><ele>4005.311</ele><time>2026-06-28T18:36:22.037Z</time></trkpt><trkpt lat="19.136813" lon="-98.650149"><ele>4004.969</ele><time>2026-06-28T18:36:27.037Z</time></trkpt><trkpt lat="19.136794" lon="-98.650195"><ele>4004.422</ele><time>2026-06-28T18:36:31.037Z</time></trkpt><trkpt lat="19.136749" lon="-98.650231"><ele>4004.171</ele><time>2026-06-28T18:36:35.037Z</time></trkpt><trkpt lat="19.136704" lon="-98.650258"><ele>4003.839</ele><time>2026-06-28T18:36:39.037Z</time></trkpt><trkpt lat="19.136663" lon="-98.650291"><ele>4003.623</ele><time>2026-06-28T18:36:44.037Z</time></trkpt><trkpt lat="19.136633" lon="-98.650327"><ele>4003.583</ele><time>2026-06-28T18:36:48.037Z</time></trkpt><trkpt lat="19.136588" lon="-98.650344"><ele>4003.511</ele><time>2026-06-28T18:36:53.037Z</time></trkpt><trkpt lat="19.136532" lon="-98.650352"><ele>4003.509</ele><time>2026-06-28T18:36:58.037Z</time></trkpt><trkpt lat="19.136480" lon="-98.650359"><ele>4003.564</ele><time>2026-06-28T18:37:03.038Z</time></trkpt><trkpt lat="19.136435" lon="-98.650376"><ele>4003.559</ele><time>2026-06-28T18:37:11.038Z</time></trkpt><trkpt lat="19.136396" lon="-98.650408"><ele>4003.528</ele><time>2026-06-28T18:37:19.038Z</time></trkpt><trkpt lat="19.136361" lon="-98.650442"><ele>4003.514</ele><time>2026-06-28T18:37:26.038Z</time></trkpt><trkpt lat="19.136329" lon="-98.650481"><ele>4003.095</ele><time>2026-06-28T18:37:30.038Z</time></trkpt><trkpt lat="19.136302" lon="-98.650520"><ele>4002.153</ele><time>2026-06-28T18:37:33.038Z</time></trkpt><trkpt lat="19.136269" lon="-98.650555"><ele>4001.116</ele><time>2026-06-28T18:37:36.038Z</time></trkpt><trkpt lat="19.136240" lon="-98.650607"><ele>4000.265</ele><time>2026-06-28T18:37:40.038Z</time></trkpt><trkpt lat="19.136207" lon="-98.650652"><ele>3999.563</ele><time>2026-06-28T18:37:44.038Z</time></trkpt><trkpt lat="19.136169" lon="-98.650689"><ele>3998.979</ele><time>2026-06-28T18:37:48.038Z</time></trkpt><trkpt lat="19.136135" lon="-98.650724"><ele>3998.305</ele><time>2026-06-28T18:37:52.038Z</time></trkpt><trkpt lat="19.136094" lon="-98.650748"><ele>3997.625</ele><time>2026-06-28T18:37:56.038Z</time></trkpt><trkpt lat="19.136048" lon="-98.650768"><ele>3996.909</ele><time>2026-06-28T18:38:04.038Z</time></trkpt><trkpt lat="19.136001" lon="-98.650791"><ele>3996.369</ele><time>2026-06-28T18:38:09.038Z</time></trkpt><trkpt lat="19.135951" lon="-98.650820"><ele>3995.744</ele><time>2026-06-28T18:38:13.038Z</time></trkpt><trkpt lat="19.135905" lon="-98.650845"><ele>3995.183</ele><time>2026-06-28T18:38:17.038Z</time></trkpt><trkpt lat="19.135863" lon="-98.650863"><ele>3994.589</ele><time>2026-06-28T18:38:25.038Z</time></trkpt><trkpt lat="19.135812" lon="-98.650886"><ele>3993.910</ele><time>2026-06-28T18:38:29.038Z</time></trkpt><trkpt lat="19.135767" lon="-98.650908"><ele>3993.488</ele><time>2026-06-28T18:38:33.038Z</time></trkpt><trkpt lat="19.135724" lon="-98.650934"><ele>3992.931</ele><time>2026-06-28T18:38:37.038Z</time></trkpt><trkpt lat="19.135674" lon="-98.650955"><ele>3992.580</ele><time>2026-06-28T18:38:41.038Z</time></trkpt><trkpt lat="19.135638" lon="-98.650988"><ele>3992.198</ele><time>2026-06-28T18:38:45.038Z</time></trkpt><trkpt lat="19.135587" lon="-98.651013"><ele>3991.798</ele><time>2026-06-28T18:38:50.038Z</time></trkpt><trkpt lat="19.135538" lon="-98.651031"><ele>3991.215</ele><time>2026-06-28T18:38:54.038Z</time></trkpt><trkpt lat="19.135486" lon="-98.651059"><ele>3990.526</ele><time>2026-06-28T18:38:58.038Z</time></trkpt><trkpt lat="19.135435" lon="-98.651067"><ele>3989.809</ele><time>2026-06-28T18:39:02.038Z</time></trkpt><trkpt lat="19.135381" lon="-98.651076"><ele>3988.631</ele><time>2026-06-28T18:39:07.038Z</time></trkpt><trkpt lat="19.135334" lon="-98.651061"><ele>3988.236</ele><time>2026-06-28T18:39:11.039Z</time></trkpt><trkpt lat="19.135288" lon="-98.651077"><ele>3987.415</ele><time>2026-06-28T18:39:15.039Z</time></trkpt><trkpt lat="19.135237" lon="-98.651096"><ele>3986.731</ele><time>2026-06-28T18:39:19.039Z</time></trkpt><trkpt lat="19.135188" lon="-98.651112"><ele>3986.142</ele><time>2026-06-28T18:39:23.039Z</time></trkpt><trkpt lat="19.135138" lon="-98.651111"><ele>3985.320</ele><time>2026-06-28T18:39:27.039Z</time></trkpt><trkpt lat="19.135088" lon="-98.651123"><ele>3984.423</ele><time>2026-06-28T18:39:31.039Z</time></trkpt><trkpt lat="19.135039" lon="-98.651129"><ele>3983.782</ele><time>2026-06-28T18:39:35.039Z</time></trkpt><trkpt lat="19.134994" lon="-98.651148"><ele>3983.140</ele><time>2026-06-28T18:39:39.039Z</time></trkpt><trkpt lat="19.134944" lon="-98.651150"><ele>3982.319</ele><time>2026-06-28T18:39:43.039Z</time></trkpt><trkpt lat="19.134894" lon="-98.651155"><ele>3981.609</ele><time>2026-06-28T18:39:47.039Z</time></trkpt><trkpt lat="19.134855" lon="-98.651187"><ele>3981.119</ele><time>2026-06-28T18:39:51.039Z</time></trkpt><trkpt lat="19.134830" lon="-98.651232"><ele>3980.509</ele><time>2026-06-28T18:39:55.039Z</time></trkpt><trkpt lat="19.134793" lon="-98.651269"><ele>3979.843</ele><time>2026-06-28T18:39:59.039Z</time></trkpt><trkpt lat="19.134751" lon="-98.651296"><ele>3979.358</ele><time>2026-06-28T18:40:03.039Z</time></trkpt><trkpt lat="19.134712" lon="-98.651328"><ele>3979.027</ele><time>2026-06-28T18:40:07.039Z</time></trkpt><trkpt lat="19.134671" lon="-98.651354"><ele>3978.863</ele><time>2026-06-28T18:40:12.039Z</time></trkpt><trkpt lat="19.134633" lon="-98.651383"><ele>3978.684</ele><time>2026-06-28T18:40:16.039Z</time></trkpt><trkpt lat="19.134598" lon="-98.651418"><ele>3978.432</ele><time>2026-06-28T18:40:20.039Z</time></trkpt><trkpt lat="19.134562" lon="-98.651457"><ele>3978.215</ele><time>2026-06-28T18:40:25.039Z</time></trkpt><trkpt lat="19.134526" lon="-98.651491"><ele>3978.124</ele><time>2026-06-28T18:40:30.039Z</time></trkpt><trkpt lat="19.134488" lon="-98.651523"><ele>3978.122</ele><time>2026-06-28T18:40:35.039Z</time></trkpt><trkpt lat="19.134456" lon="-98.651560"><ele>3978.157</ele><time>2026-06-28T18:40:38.039Z</time></trkpt><trkpt lat="19.134401" lon="-98.651606"><ele>3978.100</ele><time>2026-06-28T18:40:42.039Z</time></trkpt><trkpt lat="19.134351" lon="-98.651652"><ele>3978.320</ele><time>2026-06-28T18:40:46.039Z</time></trkpt><trkpt lat="19.134314" lon="-98.651690"><ele>3979.209</ele><time>2026-06-28T18:40:48.039Z</time></trkpt><trkpt lat="19.134270" lon="-98.651709"><ele>3981.177</ele><time>2026-06-28T18:40:51.039Z</time></trkpt><trkpt lat="19.134226" lon="-98.651742"><ele>3981.992</ele><time>2026-06-28T18:40:58.039Z</time></trkpt><trkpt lat="19.134174" lon="-98.651761"><ele>3982.911</ele><time>2026-06-28T18:41:05.039Z</time></trkpt><trkpt lat="19.134120" lon="-98.651777"><ele>3983.497</ele><time>2026-06-28T18:41:11.039Z</time></trkpt><trkpt lat="19.134071" lon="-98.651783"><ele>3983.888</ele><time>2026-06-28T18:41:16.040Z</time></trkpt><trkpt lat="19.134013" lon="-98.651787"><ele>3984.076</ele><time>2026-06-28T18:41:21.040Z</time></trkpt><trkpt lat="19.133968" lon="-98.651797"><ele>3983.819</ele><time>2026-06-28T18:41:25.040Z</time></trkpt><trkpt lat="19.133920" lon="-98.651809"><ele>3983.468</ele><time>2026-06-28T18:41:29.040Z</time></trkpt><trkpt lat="19.133872" lon="-98.651811"><ele>3983.076</ele><time>2026-06-28T18:41:33.040Z</time></trkpt><trkpt lat="19.133819" lon="-98.651814"><ele>3982.661</ele><time>2026-06-28T18:41:37.040Z</time></trkpt><trkpt lat="19.133772" lon="-98.651833"><ele>3982.121</ele><time>2026-06-28T18:41:41.040Z</time></trkpt><trkpt lat="19.133744" lon="-98.651871"><ele>3981.513</ele><time>2026-06-28T18:41:48.040Z</time></trkpt><trkpt lat="19.133779" lon="-98.651839"><ele>3980.909</ele><time>2026-06-28T18:42:35.040Z</time></trkpt><trkpt lat="19.133734" lon="-98.651868"><ele>3980.518</ele><time>2026-06-28T18:42:49.040Z</time></trkpt><trkpt lat="19.133692" lon="-98.651908"><ele>3980.393</ele><time>2026-06-28T18:42:54.040Z</time></trkpt><trkpt lat="19.133646" lon="-98.651936"><ele>3980.282</ele><time>2026-06-28T18:42:59.040Z</time></trkpt><trkpt lat="19.133590" lon="-98.651950"><ele>3980.188</ele><time>2026-06-28T18:43:04.040Z</time></trkpt><trkpt lat="19.133544" lon="-98.651955"><ele>3979.969</ele><time>2026-06-28T18:43:11.040Z</time></trkpt></trkseg></trk></gpx>